eukbank_satellite_grid	b7666aa49a43fc8832ba224d32973f7bd1bde3f1	24ad5eea8e85601f61d41abc70e81559d8846077	ed5d02fffcc3c8ca5c548823dbc04dd94a5b2eb6	ac94542cc5e19fe344975a30ce61256ed171d729	a36ff2b04676480ecd8a1e5198896821284bb3dd	76ca5fd4d4e2c4cabdc90268eed464d45f03b600	034f70e72cc9055c528891474c45d3c4c2bcb09c	65b34daa0258d08d124893528339da0c6681f4f0	c1aeec783bd3259610915569e03acb7878bb5538	af413e8e845ef4e8073b5cc22b13961b9925c7e3	2086c402dc0413af4f32d857f9bb71cad56e9383	09a41463d2cb1eb264a0fbd49f3baecef8e8b866	fc1be6059eb1a146bf51103d7d1519bd42a8ab99	ee454a4f66872a2a1956a1501fd12d862bec128f	8321ce9b956b881d154ea4c9ca3b3d90ba046978	593f86e377af477226d572e88c8d09f0b7dd95f7	bec3f7511f2625ce98a9e730cf1e1ad47030e5e1	04949d3143792cc5c993198a65d0097db57f19f7	db48ed7d3e57f9e6f049021494fd606df6e65934	b14bad5db82722fd53f799eb4f7c7637dc15c633	0fcd35b427b5c09d4aa9a44badb8f10e0c3a5819	9040cf6076d029b9d7d9abf054cfe50793c68670	0183f89003948a79d297c4cda59be285758da046	b284495ef9fb6b007535aed1e4e0ba49296b952e	ddcb63b1cb7bbc42212e98c4c3bbbf34efa79e8d	39cf66fc83afa7efb0179e3d5f589a9e47807285	2c31403ce9f2928fb83d33206f11282e32f61d19	e8a95b4e561bc4787f341ce796c3ebc21c9e581a	7380aac36a247fb985fa875443a7459e5d12d795	a6c701be9264eeae93c0d935b485ee43feecdcb2	ab9084f88d914d52083f72dca73413d81150a45b	a5a5c03c76b3a1eb901b735ae51ae3898d836c26	b67c4cfe51bddcf2b6e2d9883337c6d80482eaaa	fcf164a16d5d603f6f6ba53523c76de1e68bf18c	2f61ce20f83956cff5b45914d17dea94e8117c4e	9ef5c3711c2b1a7814c477c65cdf38e4b557c1a6	4390c299f8222fc9a8ccfc79b18c0cbc458b33c6	1d6877e50b9e3b1e0299fc54da3ad73d4f93beb5	6b0a47c748965b250110e0cf38681d8346ae7f9d	44595faf5bb938965f61b0fe94283ad70d6903d7	51ed0cd4320cbc23f5463ce4410d9a391e46d279	66dba74779d302db292e1c19b5927576b90d16b3	61f7b39e5fcce79ef7652d0597741dd0dda6e95e	f12f9f9b8824394e73fe08cf5e18e2892fd8e44f	60ff954aa2df893fdaec67fd188fec6c7de8cd4b	903987dbd6bc6c84069b9b38b611df5890712228	b4e8cafa1be4d894e6343e5a1e9c2480190e998c	94d245e715459723ad1567c5836fcbd402ec1e1d	b4d430a95103db32149b437a467f2276515ffa13	c6eba1a2187eaad45373d8ef805ba26d4c9220da	5bf5c6507cc66ac489bc425f725298f7583f02e7	0c5da0163b51909ce5d468037e118542316ef6c4	a33d7db08459f42e09963129383c554cb6298d3a	33148d7c40fe645c13ed19c3ba710604402e59ad	00088603d56d395378bc5b9ba02e3ebbd61960bd	a7e73b6aa954782318cf0ff28d968071add74446	7d194f92dbf97f4b6cf9bf6e34a0a8b33328cca4	6d19f8010e312d48ee3f6f26220e842b9c9da6f3	a81ab1690eb6f72c06ad890f250f0ad762de6532	75e18f43ba51c9d5a8ffc009a288cef7881aee18	677e914aded281938c9e738f6c8fb29d399e4673	585b5c11360416333611c537b3c7df52397de06a	5e7164ef784c44f8d06f8718128bd5d1afadc269	04c9127439f95d245b4cc01f149a6dfb74907502	64e9c8db0f743b08352736bbe99cc7320d132a33	58795607d1a7c8e60412df9666c70acd410d42da	cc901fde3a059f4ec4b25f333af1c4d17af3126b	2dd169db9b8143ef00bd483f623e983b8272d73d	a64aec8c5855600c3a9f190eb0bb1a04b72c05e1	18346a5cabe23819106b98b05b5490068dff0ef2	fcba4a42c9e394c1366ea35290f06e5842debe13	1122923d0b018f2809ce45a0bf5316675319c3f5	7a6fc78dd727ace9cf660835f2f170e1507209cf	d377d72ce945d272fcf3c694a0af8806105cb483	f0119ca40e03e20a2285d66fe3da0f1b1bf7acb1	02e321b5d5a8c4089831799c326f68a983672606	60f35da8cd559033d8fa046e80f0e3462f1f94af	9da20060d5160cf7d8002fc149c5c56d0bac6601	0e6f5b9973feae24d92e8eef27fc7b3b630b9835	eb064883ce8acb615ee1d355735d219f6c1bb0a7	6968ba6f2010bab5cb31768dc19abd441a9b1dbf	86a528bbdf79da612d1aaaf3902efdb23a409133	35ac4c545353a7d7353be478fbca9316afb1430e	22cb7ebc7949ee5e8ab274336a7e892d968bee44	75b46b9ba1f5520efc603c79850b388c54e2dd60	0a361442151da8a2623116736fb47dabe3f91835	1268e62390e5f67a59e838d0a4447bc3a079c6fe	b79e092105d679eef3906d1556819e6564728d8b	71dfd19f218689c0da2281d2575d5247acfa5d35	4ec5c10b9a5d12b771dcd27a067170f81bc12620	f53643c5f4e4895ac4bf44cb1f2d115479569e93	b6020eb5267d8a96d9f8a8caf584e35b6f7f76d5	cdc0605a7efbcc45343589f29cc68ce1b4a6aec2	f2c30598cd17a62c094c58b1cf2936276bdd974b	5916762a84551a151e28de825769d1bcdffcb96e	2f8b2b2cd22a2c3d0c9d502c844edcb50d4469de	0fe630fda6fa514d2f785e387e7ea331f4fc8df2	6ab0402050f8942ad479b70b3c44af4460470c7f	03ed76ad0c14777e41c50341a3ea0d504c13a98a	78129c7e141279e3b1b72e3c30eb098f51be549a	7e49e8920dc59ef605f40775daffb2fc134bc516	189100c0b2bf1b2dd0d1c281611a59a23e47de08	84e05745abbc0771501bbc7574425c36767a65f5	a5b59a62d2b6def1470abbd8b6ad34be8f8fc13d	b11977a7696f7af5cb85bda94664550c5cbfb2a6	8ae13ebee75a5ac30753176b42062927618b1ca6	108b1a2f7ecbc350040a7f07dcb1b97bcf0c6d2b	36c8d155921318b370bc2f00a62a6ac25fd8c524	a3fcbe4eda72c97cc10507d03388c3cd53a61af6	f89c226626b0580dd3abb679cdeed6e14d0fcc2d	06b443a11dac0dec67f7dca564b2c596f0469f91	2c2c1c834bb0162fac47a6ff5c8e47c006fddac8	d482eed23fe2689ff290f65689913c9a0f182d9a	fb559ae76ef80a9966e27b58065bbfd76d05d597	1ade22f3da1eb0c1c60cb3076abc472e17d73398	58299656a05f7cb035e79b1eb7b77db89cdf2f5d	c495efc580b846aa94e90293fbba5288a659d6d9	719d187021f390073b6e2647b5fa0546750cf186	af961d395790888d6cb0e14876d49d7b696dd3f6	b0f9edafd49c00247c90dd59a34b42426cad3fd6	55c54056ffc72e54521b162c358cd85bbed3a6c2	c4175a5eb9dbcf8ba0881c9b0b66f75a9b298ca0	c9e32e8d9205088ebc2d96b71888c5fa8505a609	e9975ee82428f7d23df7dd83eec64488c448da26	1d4dde1e4f2dc3d82d64e5dac929b9b2b6625b17	e8f8e07d43192a9adc496fcc56be9a44516cd0ec	3d289203cca7dc76ff80bba595f8335636f1e331	cb99fc257a781fb78a4590e9b62efae4115b9b19	864ff0ed5b9fc8b23c51faa761e138362c5caa0d	f2ac1a4c48e374bab2f9d0b996c250e3bef77ca0	0b0b23cea7f52784ee3212bbe12c569a5f7ac953	610b4645ffec0a8ada7f995192387cfa860e7158	0fb1e4c0b7d85f99ccaccab47cbaabaaf45b5ae7	acb750c2ec7cc7e3c879c658641efbb54732be75	656058b0330711cd60607f02b2ceaaf4261a7895	3e7398bcb3f55a34440d7b52e021cb3a09b2644d	e8cab20e59f4169e108f2171af3bf0147e114344	50aff0ee765498e0c94b7c162c549dc81daeccad	3ca69f2127f74eee3d72832d40788feb6e23736b	20d7fbd4989a76d10f51a3a1901d281611dc6bf4	0fd0dabd7422fdba9766f6a6180b96f3b756ed30	7e45bd15a437abbe553fc46afbbf950319ac56ea	302f6df85b1a070c7782d3cf97336bbfb04c414c	39c9dd91d9eba765fbdcf72e20f981dc4d907cb3	a346fd634bfc4ab8a12743b9ed6cab1162373ca7	aa0009ec222d564509e06198dc6980f8e453bb90	5e303504e27bec8cf97ded8b0793aff75b115ca9	8a47f6ae59fc0b0f8ff1c4935ecad17e2e818b77	47562d24594f81ab1b6204d52c08e5e2fecdcd88	c5cc270e8de7a62691075c5ff5837b95ee7f2d30	1cfa67a27c5492eef16cd67d1ef70c1cebbf5122	74c80851a52343b5ed8f6d883f47069b03efd27e	683f7ed836e7e967041019726a6d85e9bc136ebd	cab84747323c8569ddcbe8715f41cee5c3f3334a	e18f43c87753493c22afabb9de489a245297de16	bcd0f33d55e3bc9857f6faba701765f009ab1b62	a274761b872974455ad38b471ee8e8635c871067	c86d02463dc1e1a1e6b6877bef979145d4c57411	c104cae7f802a17431cda31e2b7031ecc5a769f4	afa0dc80b966b4912ddd46cee105c1abdd4bcb73	98740c28e79ba5d15a6ad0ddb3eb05a054c1e302	cf6e75b7498c7f654f83412f132fd3f3060ffe73	502519840a9c1556dbe2f506379cbf095dc862fe	d730cc8a918872bf20bffe5bc324756d6a571c61	d80b02f9587481abaca40b4b65aa92857f0554fe	ce56fcda97400c7e80dbf7324d1b18880e17578a	ca3d21a06baba8fce0af8400ad16726d395df77e	b5d738c0fabab9a16e23d83c02e384e28c9a261b	ca858d1c5e1fb81e01d7a1e03e703c51fed8d75e	d3ed64a86a75b907160f4dff7bbc5a25909093cb	fa28aeacd8b5b6d489d822d5435826603561df43	f6ffdfabdca0428b8a07fb655b8acccb9209188f	9415382962d61ccf4430ec8a5531e031a78f51b8	65aa475b5b1be8a5a6d0342d67e05fe9558938a7	949f970fa6514bde7b4d66c2b04436978610312f	517447c305d74ff064c9f54c04f465e455b8c87b	89622a77335ec2edba12dcd2d86ce8d69baaa334	d4cfc4fbaa1bc7678d08d12ca1e5f082fc46451c	d4d2ad65a42d76c0131c9ea3e7d03e7252110d31	18b691a71b719ae251a6584ed9ed394c2192290f	97fc2a6ff8d2fff11436c64b92ae7b55d231e759	226027803bab381c28df42a351c235bcda0c31d4	badb1a79829a2ec34f06e20ab1eae03379b74a81	2c07d2f05cd2d46856a43717f411c5d46444e82d	e6cab6a2da1581dcca0936338a3cb97744951145	46bd50fd20ae80e0f7f6f89adc13867616b6f32c	115b580d7e14a7e99a048c05c29ceab3c85df42d	a2dbb7de27ecb397f703383abf678682ce490043	2af3384255f8c026204c8efbea01937ef10ab206	f882eef07b2414ba1b79bdf8a69e2fdb0a8d9728	5bb13a3520fd57400ba5c7efd34fb016e2014345	7b200e15e52c6ad940528d967402ccb11e8829d8	1bb281513c6fe273b9291e56cdb3bf44bfa927ab	009dfd05ff037b829740b339aa09adb6f7b8c892	3ca7edd3a97e6c9697e254888e4f1534f5091aff	306a8bd02ad6a64ba5ae3425fd1c6494ebf1641f	b531d956c14f1e39f107677f1987bf332d1bd3b7	df47b47a9b6ad72f24c1157af5dfad9dd7730d48	47ca1b831fda221f8528d286c1656e0bed55d161	35b7737423bb9b295ae1dc9522dc4ad02ee70fc3	a713463efb7a757beb22425a5bb3dae3aa6114f4	b651209be0683c0850e6127c6b982d6e3dc3989a	6c7dafe62787021d3c14304dfcfd7b7058faa257	d64f788af4b60056fa3d6a48945a1d6ab65505f4	37340f2b7aba5063f538b1ecf103fa60ff8d6e31	4749d67c00fbf4e0836d179f34d4c8f6629d021e	4d46a99e7193bf0ff0b25ac76f7c36a4eb9d3301	703142cbf1f7320b7255d13783db7d339be88819
G0007	28	0	0	4	48	34	13	7	2	61	4	26	9	40	0	1	64	12	6	18	2	12	7	0	58	1	0	0	90	9	0	10	39	2	4	16	19	17	44	33	2	21	2	1	6	16	1	88	0	26	4	30	24	44	4	6	32	0	0	24	4	7	67	4	8	4	44	2	17	25	229	6	0	6	6	0	16	17	10	2	0	18	6	33	4	24	0	1	3	17	0	21	4	76	5	110	0	2	2	0	30	23	8	5	2	2	64	22	30	8	0	3	34	16	0	87	13	20	0	0	5	5	142	0	0	6	3	8	0	16	10	6	34	28	4	14	5	22	120	0	1	2	8	8	0	13	0	5	81	0	42	34	18	2	0	78	34	6	18	24	37	0	0	22	1	0	10	8	4	15	1	0	54	7	9	1	0	2	0	7	18	0	58	0	10	74	2	16	4	0	16	22	18	85	34	10	12	6	46	9	14	11	4	10	0	0	40	38
G0010	80	0	1	4	52	33	22	2	1	95	1	41	11	82	0	0	29	9	2	26	0	10	10	6	18	0	0	0	124	5	0	3	28	0	0	28	31	14	26	32	2	25	6	1	6	3	0	199	0	40	8	12	18	30	5	6	32	0	0	17	0	4	198	6	8	4	56	2	50	31	198	2	0	5	13	0	19	14	18	2	0	36	2	12	14	52	0	0	3	36	0	8	2	179	10	194	15	2	1	0	74	94	14	8	7	2	101	2	65	4	0	6	6	10	0	92	18	4	1	1	0	0	85	0	0	12	5	4	0	19	6	6	18	74	4	21	8	13	54	0	0	0	14	4	0	4	0	17	107	0	45	89	20	0	0	240	50	10	0	97	131	0	0	52	0	0	18	14	2	10	0	1	42	22	10	0	0	8	0	11	8	0	46	0	12	14	2	30	2	0	16	20	44	69	40	21	32	2	49	12	6	9	11	23	0	0	22	46
G0013	91	1	13	4	41	83	22	17	7	154	1	55	10	91	0	1	137	38	18	53	0	20	20	5	98	2	0	1	27	3	2	5	30	1	7	55	37	4	37	88	3	9	93	2	10	0	0	57	0	45	12	25	28	33	4	6	36	0	0	34	12	4	58	13	8	14	74	35	6	76	46	2	0	7	34	0	32	16	21	6	0	38	7	2	11	11	0	6	5	9	0	2	2	461	20	0	0	3	0	20	50	53	31	7	24	7	32	4	52	2	0	14	3	3	4	16	38	17	48	1	9	8	24	0	55	5	8	9	0	57	1	13	25	64	9	23	4	73	50	1	0	1	17	1	0	10	0	17	14	3	36	40	10	0	0	25	39	20	3	32	63	0	0	9	1	1	22	13	0	1	2	3	7	6	3	10	0	4	28	15	2	0	86	1	18	13	3	41	8	0	25	26	46	1	6	13	8	23	25	22	2	20	20	2	0	0	5	39
G0020	154	1	6	3	110	81	42	12	9	335	1	49	18	72	0	0	53	50	4	87	0	29	19	5	44	1	0	0	9	4	0	1	14	0	0	70	47	12	8	78	13	11	112	10	2	0	7	5	1	23	30	31	102	12	2	33	10	0	0	56	6	22	9	11	7	9	62	29	1	104	28	4	0	46	28	1	32	22	30	10	0	66	127	1	5	3	0	5	46	30	0	3	2	0	37	1	3	14	5	46	32	37	63	4	19	6	35	1	30	3	0	22	24	5	0	17	47	26	57	0	22	8	64	2	407	8	9	2	0	15	17	95	9	19	15	24	15	55	101	22	13	4	1	0	0	14	9	16	5	44	11	2	11	2	0	10	10	30	59	15	19	0	0	1	2	19	32	14	0	3	9	73	6	17	3	15	0	14	1	21	0	0	10	4	12	9	13	17	14	1	25	45	6	0	7	19	2	18	2	20	2	41	9	8	0	0	6	57
G0022	117	0	5	12	130	69	46	12	0	163	1	70	13	70	0	0	72	3	19	63	0	22	23	3	98	1	1	1	11	1	2	2	36	0	0	76	27	1	21	124	8	2	186	9	4	0	4	21	1	14	43	14	67	10	5	30	9	0	0	53	15	6	36	8	20	5	69	39	2	88	54	2	0	0	28	0	22	19	25	11	0	64	165	1	80	7	0	7	2	24	0	2	2	9	31	20	2	5	0	326	55	12	43	18	4	8	105	1	136	0	0	19	1	2	0	7	40	8	240	1	2	10	34	0	0	6	10	8	0	3	2	3	39	19	11	38	4	56	53	2	1	4	0	1	0	14	0	20	11	8	145	17	9	0	0	46	18	37	6	17	15	0	0	6	4	0	8	21	0	0	7	0	3	8	2	91	0	6	1	1	3	0	57	0	17	15	2	30	8	0	30	21	4	0	6	1	3	17	57	22	6	9	13	4	0	0	11	55
G0024	154	2	15	1	1	140	35	10	0	151	0	117	12	58	1	3	2	59	3	62	1	31	70	0	72	0	0	3	17	1	3	1	88	0	0	95	38	8	0	0	20	1	27	6	0	0	0	19	0	0	50	12	7	20	0	7	2	0	0	78	25	5	9	5	2	23	70	15	2	79	60	0	0	15	20	0	32	22	26	13	0	84	6	0	8	18	0	4	0	22	0	4	1	0	4	0	2	2	0	27	57	0	31	0	1	4	162	231	19	0	0	0	0	23	0	20	30	11	99	4	0	0	21	0	0	2	24	8	0	13	0	0	9	46	10	19	10	29	15	0	0	26	11	0	0	1	0	43	34	0	79	24	26	0	0	0	12	44	0	218	5	0	0	8	39	0	48	17	0	4	0	7	0	21	2	8	0	0	1	55	21	0	17	1	43	0	21	2	8	0	25	27	110	0	18	4	6	34	2	11	0	14	12	1	0	0	9	68
G0026	180	3	7	2	0	99	50	10	0	270	0	150	30	117	1	12	1	63	43	97	2	37	46	1	35	1	1	35	11	2	1	0	82	0	0	112	51	4	0	0	45	1	4	11	0	0	5	4	0	1	39	21	8	11	28	10	0	0	5	43	3	2	5	9	34	6	114	9	1	67	63	0	3	37	29	0	30	40	37	18	2	92	5	0	55	22	0	3	0	18	17	8	4	138	0	0	38	4	0	0	64	0	76	0	3	19	467	168	152	0	1	46	1	26	5	37	38	7	10	57	1	0	20	0	0	0	71	26	0	0	2	0	4	33	18	30	13	36	19	0	75	44	2	0	1	0	0	42	23	1	6	21	6	1	8	2	1	58	0	26	2	0	0	3	6	1	17	24	0	2	0	3	5	38	4	53	0	15	2	37	26	0	3	1	41	0	13	4	9	0	38	22	85	1	18	15	1	12	0	19	0	11	35	0	0	0	22	39
G0027	149	2	12	1	0	92	119	10	0	222	0	58	33	77	1	18	1	139	35	68	0	20	48	7	20	0	0	4	5	2	1	0	46	0	0	69	54	14	0	0	61	0	63	24	0	0	0	1	0	8	34	13	6	4	54	1	0	0	0	82	0	4	5	2	9	8	40	4	1	45	79	0	28	56	5	0	50	20	12	22	0	85	0	1	4	4	0	2	0	11	3	7	0	0	0	0	438	0	4	6	16	0	70	0	3	28	61	74	7	0	0	112	1	21	0	10	42	9	6	2	0	0	22	0	0	1	43	8	0	0	0	0	5	123	14	31	4	12	22	103	0	32	4	0	0	0	0	63	7	0	9	9	2	0	11	0	0	12	0	0	1	0	0	2	0	0	41	10	0	11	0	1	0	17	6	4	2	11	0	34	9	0	0	3	74	0	23	1	13	0	12	10	21	0	10	32	0	29	0	16	0	1	21	0	0	0	16	20
G0028	152	1	10	1	0	48	153	14	0	126	2	90	32	67	2	17	0	33	21	78	3	25	18	8	52	7	0	0	8	2	0	2	37	0	0	53	21	10	0	0	79	1	2	26	0	0	0	1	0	18	30	35	6	11	85	2	0	0	0	36	2	4	5	2	42	17	46	8	2	30	90	0	12	98	9	1	41	14	17	18	0	85	2	2	30	5	0	3	0	18	5	2	1	0	0	0	11	1	3	0	25	0	54	0	5	22	116	86	67	0	0	51	18	28	0	17	44	20	0	2	0	0	60	0	0	1	19	14	0	0	2	1	22	126	27	14	14	14	12	323	0	34	6	0	0	0	0	25	3	0	14	5	5	1	3	0	0	25	0	3	0	0	0	4	2	0	33	11	0	6	0	0	0	18	21	15	2	0	1	16	8	0	1	1	51	0	7	14	4	0	19	19	0	0	10	254	1	45	1	30	0	1	24	0	0	0	22	53
G0030	103	72	0	11	5	49	64	9	0	116	48	47	12	25	6	138	14	107	11	14	50	134	9	0	2	457	32	5	21	26	0	215	24	19	407	7	5	11	0	2	63	13	0	4	1	0	0	0	0	8	5	1	16	5	114	2	1	10	0	86	21	2	1	12	3	15	192	3	6	13	2	4	0	6	4	0	20	18	7	8	63	22	0	0	38	2	0	0	2	0	12	1	5	1	0	0	1	1	3	0	32	1	4	1	1	11	11	19	3	1	64	6	0	0	0	26	30	7	0	0	0	0	0	1	0	0	40	2	1	0	0	3	2	2	2	2	0	1	2	1	4	0	151	0	0	4	0	6	2	0	1	0	1	3	0	1	0	6	4	3	3	0	4	0	0	0	1	2	0	7	0	0	0	6	1	0	0	0	0	4	4	0	5	6	5	2	4	1	73	0	39	0	1	2	0	6	0	12	2	9	0	3	13	0	0	0	0	0
G0034	10	0	1	174	19	2	0	4	1	11	10	8	1	6	0	3	44	1	0	2	287	0	1	1	32	0	0	0	212	1	0	0	4	0	0	7	3	66	63	48	7	63	2	2	27	16	0	3	0	1	7	41	20	37	9	0	66	106	5	2	0	8	112	0	1	2	5	0	0	2	186	6	64	3	1	7	0	15	2	5	24	5	2	26	2	10	0	1	0	98	0	24	0	0	0	17	0	2	0	2	6	6	4	0	2	1	6	0	22	14	1	7	80	94	1	123	1	24	0	2	0	1	117	0	0	4	0	1	0	1	227	0	3	0	1	5	10	0	13	0	16	0	2	14	0	22	0	1	36	0	0	54	7	6	0	0	17	0	20	10	5	0	0	29	12	0	2	1	13	16	1	2	0	9	64	10	29	1	166	0	32	44	0	0	0	0	1	1	0	0	1	29	6	22	8	1	104	3	0	0	1	0	0	0	0	0	22	11
G0037	20	0	1	33	606	8	3	1	0	21	8	6	4	14	0	1	1	9	0	3	216	2	6	10	4	0	0	19	111	1	0	0	5	0	4	5	7	131	35	34	3	145	42	1	15	9	0	46	3	8	13	15	4	0	1	3	19	19	250	10	0	1	11	3	4	1	2	1	1	1	5	0	231	2	0	2	2	5	6	2	1202	6	11	15	16	8	0	0	1	18	0	48	4	0	13	5	2	2	0	3	5	4	4	0	4	0	2	0	14	12	2	1	52	157	84	24	1	33	15	0	0	0	3	0	0	8	5	0	2	0	70	1	1	0	1	6	16	0	0	0	6	1	10	42	70	12	0	2	12	8	3	2	0	20	3	1	9	0	132	47	1	0	0	18	2	20	0	4	18	52	0	13	3	0	174	128	33	1	110	0	3	22	0	2	1	0	10	1	4	0	7	15	3	8	0	0	241	0	0	0	0	0	1	0	0	0	8	0
G0039	41	1	0	10	34	14	6	1	0	41	32	8	2	4	0	0	8	12	0	2	191	4	22	12	1	0	0	22	83	6	2	0	1	0	2	2	2	142	13	3	1	109	1	2	2	4	2	8	3	31	21	7	7	0	1	0	5	10	127	18	0	0	8	3	1	0	2	3	0	4	1	0	333	0	0	6	2	2	0	5	2286	12	4	20	2	13	0	1	0	2	2	18	4	0	0	2	1	0	0	1	1	1	1	0	9	0	2	0	8	9	3	1	23	177	861	18	3	2	11	1	0	0	0	0	0	3	2	3	0	1	44	1	2	0	3	1	7	0	0	0	0	1	4	8	115	4	0	1	4	21	1	3	0	46	50	6	3	0	6	2	0	0	2	8	1	412	0	1	4	42	0	0	0	0	26	902	52	0	3	0	16	28	0	1	0	0	7	3	5	0	10	2	1	0	0	1	24	0	0	1	0	0	0	0	0	0	8	0
G0041	108	1	14	48	0	32	30	8	0	122	18	49	10	32	0	18	18	18	10	17	28	4	11	6	14	0	0	50	76	44	12	0	17	0	0	64	34	22	22	3	11	6	392	10	36	2	0	21	0	8	38	18	7	12	7	20	2	33	372	26	1	8	24	4	58	8	48	4	84	30	44	8	0	30	7	6	18	13	6	5	0	50	12	0	16	38	0	16	6	23	18	4	2	9	16	40	82	14	6	14	60	8	24	43	11	8	84	26	34	7	0	38	28	14	10	50	18	11	8	1	2	28	92	8	10	83	8	3	0	7	34	12	34	0	13	24	16	4	14	0	3	0	1	3	0	15	0	12	44	0	34	98	14	5	7	4	26	6	0	12	14	0	0	18	12	5	3	8	2	5	18	5	5	40	20	242	8	13	163	10	2	0	0	2	6	2	36	14	13	2	11	6	2	2	11	12	18	8	38	4	8	8	0	6	0	0	14	22
G0043	138	1	3	98	12	42	61	9	0	438	6	94	10	53	1	5	38	10	2	51	1	14	11	8	39	0	3	2	11	15	25	0	36	0	0	80	38	1	0	8	47	1	57	17	24	0	3	2	1	16	53	42	35	18	4	28	29	13	414	31	2	7	20	4	16	20	72	38	113	62	27	10	0	0	22	1	12	25	15	7	0	77	87	1	2	55	0	4	9	46	15	0	3	96	19	3	2	60	6	10	103	3	23	31	19	12	43	1	31	2	0	7	15	0	0	98	22	11	16	0	2	0	76	0	2	53	12	15	0	0	4	2	2	1	21	25	1	42	13	18	13	3	1	0	0	3	0	17	16	0	5	0	8	1	0	1	103	21	0	28	7	0	0	20	2	2	0	14	3	1	21	15	7	41	11	59	0	0	44	9	25	0	9	5	19	24	25	2	12	0	19	10	5	1	6	3	8	23	58	10	29	2	3	19	0	10	16	37
G0058	192	2	0	48	6	58	24	6	13	201	18	46	11	47	1	0	32	30	14	40	22	18	32	4	40	1	5	1	28	26	5	0	25	0	2	53	34	6	0	0	40	16	70	21	6	2	4	11	2	6	16	50	48	21	25	10	1	1	390	64	4	27	7	3	65	6	62	152	15	48	64	16	4	29	6	162	28	38	15	6	0	50	58	0	24	14	0	39	0	88	0	2	2	12	10	0	15	108	4	12	87	20	18	10	16	26	17	0	12	2	0	2	12	0	0	29	24	9	40	0	2	0	126	0	8	28	10	2	2	11	3	4	6	4	9	12	0	16	26	0	0	0	44	5	0	10	2	18	12	2	4	0	13	2	0	2	19	8	0	65	170	0	0	4	4	19	3	13	14	2	12	24	2	28	6	90	0	2	213	28	1	0	15	12	12	0	262	4	14	0	18	4	5	0	2	0	5	29	39	8	0	11	4	96	0	0	30	67
G0060	104	2	2	75	6	43	38	4	358	200	16	54	15	44	0	0	64	11	38	25	88	26	34	6	44	5	4	0	18	12	3	1	42	1	33	22	18	0	0	24	24	4	44	13	4	1	11	1	376	73	24	9	6	20	16	2	0	8	37	118	6	26	10	4	12	8	35	30	108	25	8	5	6	10	6	74	42	19	15	5	3	68	65	2	84	53	0	21	4	18	0	0	3	12	0	4	4	28	1	21	53	8	16	58	12	22	108	0	5	2	6	22	0	0	0	20	27	9	29	0	0	0	38	0	11	12	20	2	2	46	2	10	11	213	21	7	6	5	12	0	0	6	62	1	0	12	0	16	8	3	6	0	22	0	0	2	14	4	4	20	23	0	0	10	2	0	22	9	2	0	5	292	2	43	2	32	0	0	13	12	1	0	4	4	19	0	36	1	10	0	22	1	0	0	4	0	0	39	41	17	0	22	10	24	0	0	6	25
G0063	228	26	0	88	0	46	212	16	13	222	7	318	47	32	7	0	84	28	29	15	159	46	6	21	20	113	36	0	54	40	2	56	53	16	39	3	9	0	2	4	88	3	1	42	2	29	16	6	3	26	69	2	0	19	18	5	5	35	0	190	7	19	11	94	56	24	124	18	0	26	56	3	0	4	10	1	16	25	30	2	0	218	0	3	8	7	61	0	12	3	0	5	5	0	0	6	13	3	5	0	30	0	0	8	3	8	25	0	1	2	45	0	2	0	0	26	32	8	0	0	0	4	7	0	0	0	5	13	13	0	0	0	3	17	14	0	1	65	3	0	12	0	15	0	0	12	31	41	1	0	0	0	3	0	0	17	1	1	98	2	0	0	111	0	0	0	3	6	0	0	0	0	1	3	1	0	0	0	0	2	12	0	4	96	20	0	19	0	21	3	78	0	0	0	0	4	0	165	0	2	0	0	34	64	0	0	6	0
G0065	84	215	0	2	8	0	4	0	982	40	19	121	86	18	310	0	3	0	0	2	46	8	0	0	2	4	97	0	43	23	47	4	2	67	0	0	0	10	0	0	0	40	7	0	2	17	109	0	0	0	0	0	0	35	0	0	0	0	0	21	40	1	10	0	0	2	6	2	0	0	2	0	0	0	0	0	0	0	0	0	0	38	0	0	0	0	271	0	0	0	0	0	0	0	0	0	0	0	27	2	10	0	0	0	0	0	2	0	0	22	336	0	0	0	0	62	4	7	0	0	0	0	0	0	0	0	0	0	1	0	0	0	0	0	0	0	0	0	0	0	0	0	0	0	0	0	0	0	0	0	0	0	0	0	0	0	0	0	0	0	0	0	2	0	0	0	20	0	0	0	0	2	0	1	0	28	0	0	0	0	3	0	0	0	3	0	0	0	2	0	3	0	0	0	0	0	0	0	0	0	0	1	4	0	0	0	0	0
G0068	98	2	0	34	0	39	154	12	0	72	20	28	13	30	0	10	2	49	1	30	34	24	34	1	24	1	0	0	24	6	4	2	10	0	18	10	6	104	3	0	16	0	21	24	2	7	8	4	10	8	68	43	8	3	0	0	2	0	0	54	2	1	0	6	0	8	20	12	12	8	42	0	8	0	26	8	14	12	6	9	207	102	22	4	0	7	0	54	2	42	0	40	4	0	0	0	0	1	2	3	17	26	8	0	3	8	4	0	2	12	0	4	20	228	19	33	10	18	0	0	14	36	26	0	0	6	25	2	5	0	100	5	4	0	8	6	0	0	0	0	130	0	35	28	0	0	0	8	0	0	4	86	2	4	47	0	4	3	37	8	0	6	0	11	0	22	0	2	45	38	0	8	29	7	3	1	55	0	2	8	5	3	0	7	2	0	20	0	22	93	24	11	0	0	0	0	0	8	0	38	14	1	3	0	0	0	62	0
G0069	1	0	0	128	0	2	0	0	0	2	15	1	1	20	0	5	0	16	0	1	144	2	0	0	30	0	2	0	19	1	0	0	1	0	0	2	2	114	324	261	2	5	1	0	16	44	0	14	0	43	0	129	3	0	7	0	1	0	0	2	0	0	10	5	0	1	19	0	10	2	27	1	26	0	0	0	1	9	4	30	746	0	4	1	0	4	0	0	0	11	0	132	8	0	1	61	3	0	2	0	1	36	7	0	0	0	0	0	2	27	0	0	19	406	4	16	0	4	0	3	0	0	5	6	0	9	5	0	1	0	142	0	1	0	0	4	0	0	0	0	162	0	1	12	0	2	0	0	1	0	0	10	2	15	6	3	15	0	0	12	0	0	0	2	0	0	0	1	6	53	0	0	24	0	16	1	168	1	0	0	2	19	0	16	0	0	5	0	0	2	18	31	0	2	2	2	7	0	0	0	3	1	0	0	0	25	131	0
G0070	0	0	0	241	0	0	0	3	0	0	14	0	0	0	0	1	3	1	0	0	13	0	0	0	0	0	0	0	48	0	0	0	4	0	0	0	0	39	5	206	0	6	0	0	68	2	0	20	0	2	0	1	53	0	0	0	0	22	0	0	0	0	64	0	0	0	0	0	121	0	18	0	9	0	0	16	0	10	0	0	43	0	0	6	0	2	0	0	0	47	0	10	0	12	0	4	7	0	0	0	0	0	0	0	0	0	32	0	14	18	0	0	32	42	1	21	0	131	0	1	0	4	7	14	0	0	0	1	0	5	14	12	0	1	0	0	5	0	0	0	27	0	0	5	2	2	0	0	11	0	0	20	6	13	0	5	60	0	6	18	0	0	0	13	0	0	0	0	45	15	0	0	61	0	70	0	27	0	0	2	6	35	0	0	0	0	1	0	0	52	0	1	38	1	18	0	178	0	0	0	20	4	0	0	0	53	15	0
G0073	59	2	22	58	12	58	20	6	3	44	0	50	12	24	0	49	6	42	5	22	0	17	27	1	21	0	0	2	89	4	0	0	13	0	0	39	5	132	0	0	20	0	16	12	60	0	1	0	0	22	46	74	26	4	8	4	0	10	10	50	0	8	50	2	18	12	24	29	150	22	4	0	0	0	34	3	21	18	10	17	0	47	9	0	0	8	0	17	5	76	5	61	5	10	2	2	14	2	2	1	24	24	28	4	4	16	30	0	6	0	0	1	18	160	11	70	25	38	0	51	61	0	2	48	0	12	54	23	0	48	252	8	14	20	2	22	0	0	0	0	17	6	19	5	92	2	2	8	28	0	9	2	6	0	428	92	4	12	19	2	26	0	0	11	7	2	1	6	4	8	0	0	26	12	29	6	44	5	2	2	10	10	0	0	6	1	32	2	16	0	10	31	9	0	30	0	104	2	0	12	20	1	4	0	0	58	21	0
G0075	59	0	50	17	30	39	13	6	0	84	0	54	8	68	0	2	8	21	16	18	0	19	20	12	16	0	0	2	108	2	0	0	10	0	0	94	22	33	0	0	16	0	16	8	51	0	0	0	0	29	22	94	26	4	5	12	1	4	46	22	0	6	9	3	16	15	30	7	18	20	0	0	0	0	25	1	12	20	27	20	0	48	6	0	38	16	0	26	25	94	9	85	4	16	4	12	62	5	2	2	43	56	44	30	10	9	54	1	3	0	0	4	15	125	36	118	17	22	3	26	42	0	0	58	0	27	24	60	0	17	546	39	28	34	2	29	3	0	0	11	118	0	0	11	32	7	4	8	42	2	24	4	8	2	8	12	21	20	22	25	34	0	0	14	18	3	3	10	4	10	0	0	11	12	16	30	20	4	23	8	0	0	0	0	10	28	14	8	6	0	10	30	12	0	7	3	108	1	0	9	2	4	2	0	0	40	22	0
G0078	50	0	8	18	27	63	12	6	0	64	0	31	10	20	0	20	0	12	9	9	0	8	15	6	8	0	1	166	78	6	0	0	14	0	0	34	7	34	0	0	18	0	4	17	46	0	0	0	0	8	66	68	2	1	26	0	0	10	14	20	0	5	30	2	4	15	34	31	95	10	0	0	0	0	12	0	15	26	12	28	0	32	2	0	4	6	0	12	0	62	22	182	4	0	0	2	227	5	0	0	28	32	22	0	8	12	26	0	3	1	0	0	8	145	10	258	11	22	11	2	44	0	0	32	0	2	22	34	0	1	462	5	2	11	0	24	2	0	0	0	38	0	0	2	84	0	0	7	59	1	56	16	12	0	44	4	20	6	1	126	4	0	0	15	3	2	0	4	3	8	0	2	0	12	55	10	78	4	11	2	0	2	0	0	8	0	34	3	14	0	10	12	12	0	25	8	193	1	0	14	4	0	2	0	0	42	25	0
G0080	120	1	0	41	66	52	52	4	4	251	0	54	16	54	0	6	8	15	22	26	0	13	43	3	8	0	1	1	10	2	2	0	15	0	0	51	17	12	0	1	45	0	1	20	22	0	0	0	1	23	111	62	15	3	22	2	2	3	31	56	0	14	12	4	9	20	61	12	21	34	0	0	0	0	25	0	27	15	18	24	0	96	14	0	9	4	0	26	5	41	52	23	6	5	0	0	474	16	2	0	60	41	29	7	25	25	23	0	11	1	0	2	10	34	0	31	31	11	2	2	243	0	0	6	0	14	23	129	0	2	65	35	10	52	9	34	6	0	0	1	20	0	0	1	9	14	13	12	5	6	60	12	10	0	12	2	31	12	113	70	26	0	0	4	4	3	2	6	7	4	0	0	0	28	8	1	18	6	3	17	0	1	0	0	18	0	38	14	21	0	9	7	29	0	0	10	23	2	0	30	6	4	5	0	0	14	14	0
G0082	12	0	23	15	65	2	1	1	0	5	0	19	1	30	0	0	0	4	0	4	0	2	2	2	3	0	1	1	151	6	0	0	10	0	0	62	3	52	0	0	2	0	2	4	163	0	0	2	0	5	10	169	13	12	3	3	2	1	24	4	0	2	50	0	0	1	9	1	99	2	1	0	0	0	1	0	1	12	11	20	0	6	2	0	9	14	0	1	0	89	10	266	3	0	0	17	2	2	0	0	14	6	16	3	3	2	5	0	4	0	0	0	1	199	0	259	2	45	0	0	2	0	0	146	0	9	10	44	0	0	839	8	4	29	0	32	0	0	0	7	309	0	0	0	48	0	2	0	62	0	3	1	25	0	13	3	6	1	0	41	9	0	0	15	0	2	0	5	17	28	0	2	15	1	21	10	26	4	30	0	0	3	0	0	2	0	5	0	0	0	3	26	5	0	111	5	636	0	0	0	16	0	0	0	0	23	32	0
G0086	161	2	5	9	56	158	81	7	0	438	14	57	17	72	0	16	7	76	25	33	1	48	58	18	11	0	1	2	24	9	0	0	48	0	0	75	24	42	0	5	18	6	0	37	11	0	7	21	0	23	66	28	174	2	59	2	12	2	0	84	0	3	15	6	12	52	69	22	35	64	1	0	1	2	49	1	33	14	24	21	0	100	4	0	1	6	0	83	19	10	1	17	9	12	1	2	0	17	2	0	42	10	45	22	63	14	77	2	20	3	0	3	8	51	2	23	39	10	1	2	22	0	1	6	0	21	52	60	0	8	28	35	23	41	2	44	7	0	0	86	18	12	6	6	2	30	10	24	8	0	7	5	5	1	30	0	38	34	96	22	35	0	0	10	11	0	6	12	9	4	1	1	6	11	13	4	24	11	0	22	2	1	0	0	26	36	79	4	60	0	14	8	78	0	10	5	25	1	0	73	2	0	13	0	0	18	4	0
G0090	83	1	17	38	2	47	30	6	0	156	0	61	21	60	0	2	19	17	16	28	0	10	15	21	25	0	1	4	22	2	0	0	8	0	0	99	19	8	0	6	26	1	26	15	6	0	1	0	1	27	29	65	392	12	3	15	11	4	20	23	1	9	28	2	44	14	76	12	23	35	20	0	0	9	20	0	18	13	13	19	0	50	10	8	64	11	0	41	18	34	30	12	2	1	40	14	2	41	3	0	67	154	45	52	12	4	94	0	17	0	0	18	18	15	1	13	16	12	0	1	42	28	17	6	0	34	7	38	0	14	37	21	14	13	10	32	46	2	1	30	21	2	0	4	52	21	15	13	5	21	82	8	5	0	1	2	0	22	304	24	12	0	0	3	36	0	4	12	10	1	4	134	5	49	2	9	6	16	4	12	0	4	0	0	10	100	14	8	6	0	15	21	19	0	4	8	6	5	0	29	6	2	1	0	0	21	11	0
G0091	117	1	6	32	1	75	30	8	0	273	1	76	25	58	1	27	17	29	2	35	0	16	36	15	26	0	0	9	16	3	0	0	15	0	0	101	15	10	0	27	21	1	11	17	7	0	2	1	0	36	31	82	216	11	1	18	13	3	5	35	1	10	16	5	36	30	74	11	28	52	18	0	0	1	25	0	23	12	16	17	0	62	11	4	67	8	0	44	12	55	86	17	7	2	32	16	2	18	5	0	44	222	51	34	11	4	65	0	13	0	0	10	19	31	2	10	26	18	0	0	82	2	20	4	0	28	18	28	0	18	31	32	18	36	9	30	52	1	0	23	10	3	2	3	4	16	16	15	5	0	50	2	3	1	1	4	2	28	296	28	21	0	0	3	23	2	10	9	8	3	2	15	3	67	1	16	10	18	4	19	0	2	0	1	8	101	25	8	11	0	14	16	26	0	4	4	6	7	0	49	4	1	2	0	0	25	15	0
G0093	29	0	4	833	224	16	5	2	0	15	140	13	5	28	0	23	21	19	15	14	36	1	0	1	24	0	0	0	50	4	0	0	13	0	3	40	33	24	12	19	18	36	2	1	30	5	0	112	0	35	3	124	70	3	26	5	25	31	1	7	0	3	115	5	34	10	49	1	52	14	44	2	7	10	6	317	15	14	5	13	6	8	1	7	13	5	0	39	31	16	77	30	8	15	12	36	0	32	5	1	40	31	31	4	1	6	58	0	24	2	0	12	32	94	0	20	12	6	0	9	6	72	11	18	1	76	5	16	1	3	187	10	16	11	1	51	26	1	0	44	39	1	7	22	0	54	2	3	19	4	8	3	2	3	14	22	9	1	39	39	14	0	0	12	15	2	3	5	14	6	3	1	25	11	72	3	28	7	8	2	6	4	0	2	3	158	0	3	0	93	10	16	7	4	17	9	48	0	0	1	8	3	2	0	0	4	14	0
G0098	148	5	10	38	12	37	46	12	176	134	5	8	8	19	3	9	62	18	32	14	2	6	59	5	4	0	0	0	32	4	5	8	38	0	5	23	21	28	2	7	20	128	1311	14	27	0	2	77	1	26	62	9	73	0	30	2	18	10	6	68	15	8	18	6	12	16	54	5	26	18	1	0	2	11	8	2	24	12	4	12	4	70	2	3	4	8	0	8	12	6	2	1	10	10	10	14	0	11	5	26	23	11	17	2	4	8	33	2	6	2	0	2	2	4	2	13	10	24	58	0	10	0	2	2	1	26	15	5	0	10	2	12	12	2	10	26	8	0	0	4	6	2	33	6	8	28	4	4	20	0	20	0	4	5	0	2	0	2	10	15	12	3	0	10	4	1	6	2	12	6	2	4	16	6	21	15	2	3	4	12	4	0	0	1	6	6	69	2	21	0	23	1	2	2	10	2	26	2	0	10	8	20	3	0	0	0	1	0
G0102	80	0	6	252	65	44	40	20	3	125	78	50	10	37	1	30	26	46	106	32	576	14	16	5	20	4	14	3	0	14	0	14	64	3	106	46	40	13	2	6	2	3	53	6	1	10	2	17	112	72	12	58	20	4	21	16	40	26	160	37	4	3	24	16	25	12	144	16	6	54	61	16	302	10	4	8	22	4	14	4	123	24	26	5	7	10	0	24	3	4	0	2	12	0	1	0	2	5	13	7	12	7	12	3	8	5	50	21	4	12	4	8	18	30	1	0	26	4	13	1	2	0	12	0	0	47	13	38	24	9	3	4	9	0	11	21	10	5	39	0	0	52	57	8	0	63	0	12	1	1	20	0	4	21	1	14	1	2	7	28	2	0	2	2	20	0	8	12	2	6	25	0	0	48	0	26	3	0	20	8	0	0	8	24	8	3	16	4	10	0	71	16	20	14	2	18	0	7	1	8	8	21	28	2	0	1	2	0
G0104	106	117	1	78	7	42	98	10	80	200	12	199	30	42	1	1	86	21	17	18	91	19	7	6	37	103	13	5	19	16	0	78	14	166	287	12	19	4	18	28	12	2	14	17	10	16	10	6	30	20	47	23	0	13	5	11	17	44	0	57	11	8	9	81	56	22	131	12	2	30	41	15	11	3	11	4	23	8	8	4	22	50	2	1	53	27	7	7	12	2	3	2	12	0	8	0	5	9	10	0	60	1	1	17	10	8	23	4	16	4	15	1	16	0	0	26	32	4	0	2	4	18	3	0	0	3	8	4	30	8	0	2	14	10	13	5	0	31	12	0	1	1	2	8	0	68	16	16	0	0	1	0	2	3	0	5	0	5	23	7	2	2	89	1	8	0	4	17	0	1	3	0	0	28	1	7	0	0	0	10	0	0	9	12	29	0	10	24	12	4	44	1	0	24	0	34	0	23	0	7	8	11	42	9	0	0	0	0
G0105	60	1	24	195	66	38	52	11	1	130	46	34	20	38	3	3	64	62	24	29	157	14	15	4	23	15	36	20	4	3	0	33	52	6	157	35	31	6	4	47	7	1	23	3	3	7	1	3	2	83	10	60	16	4	11	13	20	28	104	40	9	2	6	26	30	16	113	8	9	47	15	38	63	12	3	8	10	6	13	5	60	25	31	0	4	5	0	17	2	3	2	1	14	1	4	1	8	6	21	11	16	2	6	15	4	6	26	5	8	3	0	15	19	10	16	2	39	4	2	0	4	7	17	0	2	33	9	6	46	32	3	12	6	1	14	18	4	5	11	0	1	37	23	1	2	92	1	7	2	1	30	6	4	10	3	0	1	3	8	31	2	3	6	1	6	0	1	10	1	2	18	19	0	11	1	32	1	4	2	8	0	0	11	26	6	4	16	2	14	1	99	9	13	1	0	9	0	25	3	8	3	25	14	1	0	0	1	3
G0108	78	1	2	18	8	37	45	18	2	77	271	41	7	77	0	7	85	78	151	27	10	6	18	10	41	6	26	38	58	23	4	1	27	25	0	12	10	28	28	4	0	76	237	10	1	7	1	69	33	8	8	14	6	9	29	5	10	4	167	24	14	3	5	18	4	48	228	26	51	23	9	34	0	44	4	1	39	12	17	3	0	46	3	1	0	17	0	12	2	5	0	0	19	0	2	6	9	12	22	56	10	22	1	2	10	9	57	38	7	5	0	0	2	0	10	51	19	6	69	0	1	19	7	0	24	37	14	5	19	29	1	3	19	0	14	5	23	6	36	0	2	3	5	4	0	52	5	9	17	7	6	0	0	19	71	1	0	2	40	3	0	19	89	15	0	8	1	18	4	21	3	68	4	70	3	280	1	8	10	8	0	0	6	41	3	6	34	11	13	158	62	1	0	1	0	12	1	23	0	2	3	7	12	4	0	0	0	1
G0114	202	2	1	1	1093	61	34	0	0	110	686	109	0	0	0	72	56	117	61	56	0	1	30	10	2	5	3	148	26	0	0	0	40	6	0	6	5	132	0	0	0	12	1	6	16	4	5	0	0	10	34	5	7	1	28	4	7	99	14	14	0	61	22	16	26	37	43	1	122	258	3	1	0	42	8	24	21	7	6	1	0	0	0	0	1	23	0	8	2	0	0	0	7	0	10	20	0	8	0	0	43	34	1	0	14	4	52	0	2	68	0	13	1	19	4	39	0	0	0	0	146	0	1	2	0	28	36	26	0	46	7	29	20	2	1	0	3	0	0	53	92	22	54	38	0	97	10	3	1	0	64	10	2	0	2	6	15	0	36	0	5	27	109	2	1	0	28	4	35	20	5	0	19	1	0	0	16	43	55	10	0	8	0	1	0	4	9	5	26	195	4	4	0	1	0	0	0	1	0	0	7	31	21	0	8	46	0	0
G0115	197	1	0	0	567	112	10	0	0	31	2	206	0	0	0	0	0	24	18	170	0	14	2	13	89	0	0	3	27	6	0	0	38	5	0	150	46	2	0	0	0	36	0	23	8	0	1	1	0	9	23	40	3	20	0	2	11	148	0	5	0	21	1	12	4	8	45	2	286	78	63	4	0	0	16	0	50	49	29	38	0	1	0	50	0	20	0	0	22	19	3	1	1	2	54	0	25	18	4	0	121	75	42	13	16	25	6	0	98	2	0	0	0	0	0	105	0	0	0	28	0	0	32	20	0	318	14	17	0	0	13	0	3	13	4	0	0	2	0	10	76	1	0	2	0	0	13	33	66	0	9	13	54	0	0	50	8	2	0	6	3	0	0	23	98	0	8	33	2	2	9	0	27	41	4	0	0	94	24	5	56	0	9	2	0	4	0	5	4	0	32	28	6	0	44	9	26	0	0	0	24	0	1	0	70	0	42	10
G0116	89	0	0	0	13	21	42	0	0	467	2	271	0	0	0	0	4	6	2	50	0	10	10	0	129	0	31	3	22	6	0	0	35	5	0	153	24	0	0	0	0	116	0	10	470	0	0	0	0	0	7	66	0	6	76	0	0	0	24	1	0	24	256	113	57	0	38	0	20	64	100	51	0	0	14	0	0	86	10	2	0	0	0	125	0	116	0	2	1	16	0	0	0	0	0	0	2	4	2	0	126	0	27	2	1	7	34	0	65	0	0	1	0	0	0	588	0	0	0	41	0	0	33	0	0	202	4	2	0	1	5	0	19	17	5	0	0	27	10	0	71	5	0	0	0	0	0	12	141	0	0	74	28	0	0	1	40	0	0	0	13	0	0	19	0	0	3	14	0	4	7	0	47	2	22	0	0	0	0	0	0	0	59	0	0	0	0	6	6	0	19	17	21	0	61	0	8	2	107	0	59	0	2	29	1	0	2	1
G0117	25	142	0	4	0	0	0	8	1214	30	78	154	132	29	18	0	123	0	0	2	38	6	0	0	1	14	112	0	120	2	26	4	1	136	0	0	2	0	0	0	1	72	199	0	18	17	24	2	0	2	0	0	1	50	0	0	0	0	0	36	48	0	528	0	0	0	8	0	0	0	2	0	0	8	0	0	0	1	0	0	0	72	0	0	30	0	363	0	0	0	0	0	0	0	0	0	0	0	75	2	44	0	0	0	0	0	0	0	0	13	91	0	0	0	0	392	8	24	0	0	2	0	0	0	0	0	1	0	2	0	0	0	0	1	1	0	0	0	0	0	0	0	0	0	0	0	4	0	288	0	2	0	0	0	0	0	0	0	0	0	0	0	8	0	0	0	19	0	0	0	0	3	38	0	2	16	0	0	0	0	40	0	0	0	0	0	0	0	2	0	2	0	0	0	0	0	0	1	0	0	0	2	12	2	0	0	0	0
G0120	112	282	0	0	0	2	2	0	1249	294	20	50	231	79	220	0	0	0	6	3	1	73	0	0	2	0	8	0	21	0	1	0	0	130	0	2	2	0	0	0	0	3	1	6	0	0	151	0	0	0	0	0	0	50	0	0	45	0	0	109	0	5	76	0	0	0	0	1	0	0	0	0	0	0	0	0	0	0	0	0	0	83	0	0	0	0	367	0	0	0	0	0	0	0	0	0	11	0	158	0	4	0	0	0	0	0	0	2	0	98	0	0	0	0	0	0	17	1	0	0	0	0	0	0	0	0	4	0	0	0	0	38	0	0	4	0	0	0	0	0	0	0	0	0	0	0	0	0	0	0	0	0	0	0	0	0	0	0	0	0	0	0	0	0	0	0	0	0	0	0	0	5	0	0	0	1	0	0	0	0	0	0	0	0	0	0	0	0	0	0	0	0	0	0	0	0	0	85	0	0	0	0	0	0	0	0	0	0
G0121	27	97	0	17	0	0	0	0	9	79	14	167	103	56	67	0	0	0	0	1	1	7	0	0	0	0	0	0	0	0	0	0	0	102	0	0	0	0	0	0	0	1	0	0	0	0	30	0	0	0	0	0	0	145	0	0	1	0	0	20	0	9	0	0	0	0	0	4	0	0	0	0	0	0	0	0	0	0	0	0	0	154	0	0	0	0	908	0	0	0	0	0	0	0	0	0	11	0	41	0	8	0	0	0	0	2	0	24	0	0	0	0	0	0	0	0	21	0	0	0	0	0	0	0	0	0	9	0	0	0	0	0	0	0	0	0	0	0	0	0	0	0	0	0	0	0	0	0	0	0	0	0	0	0	0	0	0	0	0	0	0	0	0	0	0	0	0	0	0	0	0	0	0	0	0	0	0	0	0	0	0	0	0	0	0	0	0	0	0	0	0	0	0	0	0	0	0	2	0	0	0	0	0	0	0	0	0	0
G0125	389	612	0	0	0	0	0	0	8	124	0	28	60	40	84	0	0	0	0	0	0	76	2	0	1	0	0	0	0	0	0	0	0	159	0	0	0	0	0	0	0	0	0	0	0	0	86	0	2	0	0	0	0	0	0	0	0	0	0	74	0	0	4	0	0	0	0	0	0	0	0	0	0	0	0	0	0	0	0	0	0	50	0	0	0	0	22	0	0	0	0	0	0	0	0	0	0	0	50	0	4	0	0	0	0	0	0	0	0	0	0	0	0	0	0	0	89	0	0	0	0	0	0	0	0	0	4	0	0	0	0	0	0	0	0	0	0	0	0	0	0	0	0	0	0	0	0	0	0	0	0	0	0	0	0	0	0	0	0	0	0	0	0	0	0	0	0	0	0	0	0	0	0	0	0	0	0	0	0	0	0	0	0	0	0	0	0	0	0	0	0	0	0	0	0	0	0	2	0	0	0	0	0	0	0	0	0	0
G0129	22	1	0	0	324	0	0	0	0	42	0	44	0	0	0	0	0	15	0	45	0	0	0	2	33	0	0	149	2	0	0	0	110	1	0	142	18	1	0	0	0	0	0	0	0	0	0	4	0	3	1	0	0	1	0	41	40	56	0	0	0	18	0	5	132	0	64	0	232	105	99	0	0	0	2	1	32	39	10	23	1	0	0	45	0	68	0	1	0	4	0	0	0	139	0	358	63	15	0	0	168	28	100	8	0	0	0	0	0	0	0	62	0	31	0	9	0	0	0	80	20	0	32	0	0	105	12	0	0	0	0	0	28	0	0	0	0	2	2	26	360	137	0	0	0	0	0	0	98	0	307	0	141	0	0	92	0	0	0	5	26	0	0	26	0	0	5	0	0	0	0	0	59	59	0	0	0	3	0	0	0	0	0	0	0	0	15	0	0	0	18	13	24	0	14	6	0	4	0	0	0	0	0	0	18	0	20	0
G0130	63	0	0	0	1523	37	41	0	0	6	327	14	0	0	0	71	164	66	19	72	0	5	9	0	0	0	0	0	80	2	0	0	33	1	0	2	5	54	7	0	0	205	0	0	41	42	0	17	0	83	26	10	41	0	6	21	18	83	0	14	0	54	92	187	25	24	141	0	46	26	0	0	0	0	2	169	23	9	10	16	352	0	0	0	0	7	0	25	54	2	0	0	62	365	0	4	11	6	0	0	61	8	1	6	0	12	105	0	28	6	0	9	3	35	0	71	0	0	0	26	2	0	0	6	0	27	27	1	0	30	8	21	37	4	0	0	16	0	0	1	5	4	54	86	3	21	0	1	0	0	16	8	3	0	14	0	0	0	1	11	0	16	27	7	0	0	7	1	121	66	0	0	0	0	0	0	17	0	3	10	0	22	0	1	0	0	2	6	10	12	112	2	2	0	0	2	0	3	0	0	5	18	1	0	5	218	0	0
G0132	94	0	0	0	269	48	6	0	0	110	1	190	0	0	0	18	1	70	40	146	0	7	7	11	32	0	1	0	12	3	0	0	79	8	0	118	83	43	0	0	0	2	2	1	28	7	0	1	0	31	2	40	45	9	5	18	4	6	0	2	0	33	38	12	299	8	97	0	36	44	98	12	0	17	14	0	64	44	34	57	0	0	0	7	0	18	0	20	0	15	0	2	4	16	93	3	230	32	7	0	232	67	37	0	25	24	71	0	20	3	0	2	46	14	0	72	0	0	0	50	8	0	36	18	0	221	32	44	0	10	3	6	15	94	0	0	34	24	8	58	255	0	31	9	0	3	1	12	15	0	36	31	22	0	7	8	47	1	14	22	0	0	0	17	2	0	32	21	2	4	53	0	12	16	3	0	1	4	4	0	0	0	19	3	0	0	22	0	2	0	27	14	22	1	23	43	10	2	8	0	0	2	0	10	7	1	8	8
G0133	124	1	2	90	0	52	49	2	22	22	33	93	10	2	0	36	8	0	15	2	49	7	6	0	4	14	2	0	64	5	42	0	60	2	11	39	10	0	0	0	6	3	422	116	18	27	0	2	1586	2	46	15	0	2	2	0	0	1	0	80	4	293	12	8	0	4	48	66	218	16	40	7	0	32	0	2	18	8	6	1	0	68	0	2	0	2	0	0	0	10	0	6	2	22	176	0	1	0	0	1	26	0	2	0	0	76	2	4	28	2	1	4	9	1	0	25	30	6	2	0	23	0	11	0	0	0	20	3	0	0	2	12	6	1	23	2	20	42	16	0	0	0	4	0	0	146	41	12	13	0	0	2	2	0	0	0	2	2	5	26	2	0	0	3	4	0	0	10	5	0	0	0	3	0	6	0	0	1	0	4	6	39	2	0	11	0	17	2	20	60	12	1	4	5	0	0	7	18	0	0	0	26	13	32	0	0	7	8
G0138	82	9	1	3	0	38	66	4	28	115	30	65	22	8	4	1	43	49	116	5	110	13	15	2	14	41	33	0	32	4	56	8	38	32	56	4	14	2	0	0	6	3	360	23	6	6	4	10	291	6	20	18	484	6	16	3	4	8	0	42	5	22	2	18	30	20	62	2	28	22	36	6	0	28	2	34	17	10	10	3	0	48	1	0	84	8	0	0	2	7	2	4	2	11	81	4	4	2	3	1	32	0	2	0	12	2	21	2	164	7	18	92	10	0	0	12	46	8	0	0	0	3	10	0	0	1	19	6	10	0	0	2	17	61	13	1	17	18	8	0	2	0	22	5	0	108	26	6	2	0	6	0	2	0	0	5	0	4	274	24	0	0	1	5	40	0	1	2	2	1	0	1	3	2	6	4	0	1	4	42	3	33	2	9	2	0	16	0	14	134	14	0	24	3	2	40	8	13	2	1	4	20	16	22	0	0	2	4
G0140	132	0	0	0	157	15	1	0	0	109	2	344	0	0	0	5	1	21	32	114	0	8	1	2	29	1	0	0	208	3	0	0	58	11	0	39	32	10	8	0	0	4	1	8	56	0	0	3	0	5	18	25	2	8	100	11	2	0	0	18	0	6	19	27	5	12	108	1	92	38	36	10	0	3	12	0	10	34	24	55	3	0	0	3	0	30	0	1	24	19	65	0	3	101	10	0	2	15	1	0	137	3	47	0	4	2	82	0	27	8	0	1	0	0	0	49	0	0	0	14	0	1	22	36	0	96	11	4	1	2	3	142	82	10	1	0	0	24	3	2	3	2	1	0	0	3	4	7	66	0	9	1	173	0	0	34	62	0	0	1	43	0	0	22	0	0	9	18	10	20	16	0	56	102	6	0	0	7	7	1	47	0	31	0	0	0	65	20	0	0	51	6	116	4	40	88	18	0	302	0	123	5	9	15	19	3	13	10
G0142	100	1	156	34	169	37	24	7	0	204	0	56	8	38	0	0	9	25	4	34	0	13	28	13	19	0	0	7	32	2	5	0	24	0	0	55	24	23	0	0	25	7	196	16	20	0	0	1	71	19	60	14	86	15	1	24	2	0	279	39	1	22	1	4	27	4	42	18	21	59	63	0	0	0	12	0	20	29	16	9	0	62	24	18	21	12	0	2	0	49	21	28	2	2	3	22	10	5	1	115	41	2	33	22	26	14	9	0	32	1	0	9	8	13	0	38	17	8	14	7	52	1	40	10	97	18	7	100	0	83	0	58	3	8	18	50	5	18	1	0	48	4	0	0	236	15	22	15	14	23	38	19	13	0	0	7	18	19	0	156	33	0	0	5	83	4	22	11	1	6	8	12	18	38	17	276	10	14	104	17	3	225	0	2	0	0	34	12	15	0	13	12	1	0	5	3	61	7	15	12	1	1	4	0	0	0	17	14
G0144	96	0	0	0	127	33	9	0	0	37	1	70	0	0	0	40	8	46	14	126	0	3	1	19	27	0	0	1	82	5	0	0	21	11	0	46	38	62	0	0	0	6	36	3	82	14	0	12	0	3	5	83	25	12	0	0	3	26	10	7	0	78	24	12	16	27	246	2	688	37	20	0	2	38	13	3	47	28	6	15	0	0	0	31	0	94	0	4	2	52	20	48	13	31	28	81	163	17	1	0	187	0	50	0	4	18	68	0	168	3	0	1	4	29	0	74	0	0	0	0	0	0	45	30	0	129	26	4	0	0	182	10	4	9	3	0	13	2	0	4	75	0	1	0	0	1	3	13	44	0	6	7	35	0	1	9	2	0	170	107	34	0	0	20	0	0	8	15	8	22	29	0	59	19	5	0	26	18	21	12	0	0	0	4	0	0	5	14	2	0	23	24	4	0	90	1	314	4	4	0	13	0	0	0	121	19	46	1
G0145	184	0	0	0	278	33	7	0	0	91	5	97	0	0	0	0	0	78	4	130	0	30	0	0	32	0	0	0	59	1	0	0	17	23	0	74	72	26	0	0	0	3	0	0	9	1	0	0	0	50	22	37	47	5	35	5	1	0	0	0	0	15	57	66	2	0	15	0	91	1	78	1	0	0	1	0	5	78	1	30	0	0	0	4	0	6	0	0	0	18	0	0	0	14	0	0	1	26	0	0	156	135	79	0	0	39	0	0	9	8	0	0	0	10	0	19	0	0	92	12	63	0	16	3	0	130	14	0	0	0	11	2	0	124	0	0	44	31	3	23	682	0	3	10	0	0	0	0	11	0	44	25	18	0	0	0	77	0	8	0	15	0	0	12	0	0	0	2	0	0	81	9	1	0	0	0	0	3	38	0	0	0	2	31	0	0	123	5	0	15	52	37	30	0	11	28	1	0	1	0	2	11	0	0	66	0	1	5
G0146	73	1	0	0	336	37	18	0	0	142	0	130	0	0	0	24	0	23	10	32	0	8	16	13	54	0	0	0	37	6	0	0	49	3	0	32	28	234	1	0	0	18	0	4	142	9	4	0	0	6	18	104	212	9	6	22	32	2	3	12	0	60	18	7	124	10	62	0	39	30	48	4	0	8	12	0	8	45	3	31	0	0	0	2	0	34	0	18	2	15	0	33	0	15	2	57	20	12	5	1	137	86	16	2	4	8	15	0	28	5	0	6	14	38	12	60	0	0	0	11	257	0	46	16	0	126	18	12	0	10	113	0	114	41	2	0	19	14	4	5	20	1	2	14	14	5	18	5	24	2	74	38	115	0	0	14	23	0	16	28	34	0	0	8	12	0	22	7	13	26	14	10	82	47	0	14	13	48	61	0	0	1	2	6	0	2	32	2	6	0	4	64	22	0	97	12	70	6	2	0	8	9	0	2	6	0	77	4
G0147	57	2	140	43	14	64	50	7	70	84	136	28	23	68	0	91	102	186	13	106	0	11	22	2	11	2	4	783	43	12	8	0	4	0	2	20	6	15	0	2	3	5	308	7	21	2	1	0	97	14	22	10	23	4	24	2	9	6	143	54	2	11	0	46	8	12	234	28	68	87	6	4	0	0	103	152	24	4	10	8	0	34	9	2	8	8	0	28	2	5	0	2	56	0	1	0	0	2	4	6	4	0	12	2	4	10	9	0	2	0	0	10	6	20	1050	18	32	4	19	6	0	0	4	2	0	31	8	4	0	37	4	4	0	1	8	7	3	0	2	5	0	36	6	1	302	6	0	6	0	3	4	0	0	4	127	2	0	6	58	2	1	2	21	1	0	122	2	12	0	6	0	110	10	17	0	111	8	0	95	10	0	0	0	4	4	0	34	0	24	187	50	3	0	0	2	0	0	2	0	10	4	18	0	0	0	0	2	0
G0151	42	0	10	18	0	63	34	4	100	54	42	38	7	46	0	14	10	130	73	26	0	32	10	0	6	0	0	0	35	19	1	0	18	0	0	4	0	4	186	3	30	0	66	5	28	4	4	0	98	6	20	13	2	0	6	16	5	21	4	64	0	28	0	41	43	12	242	66	46	127	0	0	0	2	23	283	30	10	30	16	0	28	0	0	0	4	0	24	4	2	46	0	118	0	0	6	3	2	2	0	30	1	4	2	6	12	124	2	0	3	0	16	6	13	1324	20	24	4	18	0	1	0	0	4	0	4	12	0	0	37	1	1	22	4	2	0	0	0	0	0	0	5	114	2	169	1	4	4	4	1	2	0	4	2	0	62	0	7	144	0	4	37	7	4	0	9	4	6	2	3	0	11	0	2	2	26	10	67	12	4	0	0	0	4	4	0	20	36	20	378	148	4	0	44	0	0	0	6	0	12	10	14	0	0	0	8	1	0
G0152	71	1	51	56	159	43	31	13	2	87	34	37	12	43	0	48	5	41	21	29	0	6	17	13	28	0	0	1	61	6	15	0	7	0	0	32	22	16	0	8	18	11	97	24	32	4	0	0	1	18	42	84	54	6	28	22	5	3	122	32	1	17	16	4	68	8	68	21	3	30	17	1	0	9	20	16	16	25	10	24	0	48	13	12	42	11	0	35	2	42	2	44	3	46	42	8	10	17	7	5	31	57	40	3	11	11	64	0	12	1	0	12	29	67	130	9	17	18	7	2	42	0	14	0	26	76	25	38	0	29	33	12	37	2	10	25	39	0	0	0	7	0	8	7	13	9	2	8	12	13	21	0	2	12	1	13	3	7	73	7	23	0	0	4	47	14	7	7	19	5	1	0	0	3	54	33	23	0	158	20	1	41	0	3	3	11	43	6	11	6	14	29	19	15	6	12	53	5	0	13	2	1	0	0	0	2	9	0
G0154	65	1	9	46	2	66	39	8	42	72	62	28	19	86	0	83	43	265	404	122	0	12	30	0	6	0	1	0	18	10	1	0	3	0	0	18	0	18	0	1	11	0	168	18	12	6	7	0	23	19	54	14	4	2	14	4	12	12	42	85	0	6	0	36	8	15	335	38	28	126	12	0	0	0	116	506	26	3	34	8	0	16	4	0	5	5	0	32	17	8	0	0	142	19	0	0	0	4	0	1	12	10	28	2	6	10	22	0	0	0	0	28	24	32	1118	46	34	4	16	0	22	0	6	10	0	41	4	2	0	23	2	9	47	1	4	2	2	0	0	0	1	4	6	31	130	28	3	8	4	0	45	0	1	4	3	32	0	9	207	0	0	30	8	4	0	61	1	16	4	12	0	12	0	24	4	54	16	1	32	5	0	0	0	1	4	0	42	7	20	223	74	2	0	0	9	0	0	5	0	10	2	18	0	0	0	0	6	0
G0156	85	1	15	68	212	36	24	3	0	85	5	25	18	40	0	102	91	44	16	12	3	15	12	15	14	11	0	49	20	7	23	11	4	0	46	19	15	8	135	0	25	0	77	26	8	3	4	41	338	4	55	41	5	0	7	9	3	21	41	41	5	9	85	16	31	7	35	10	2	57	3	1	212	1	21	5	59	19	10	9	4	35	24	13	10	8	0	20	46	6	9	30	37	13	0	4	0	7	6	7	31	11	19	6	7	4	38	6	5	44	1	9	14	29	10	14	18	8	23	0	7	96	3	1	2	4	10	8	2	0	51	26	8	8	13	12	11	0	0	1	6	14	84	1	2	288	0	5	6	7	42	1	9	0	0	2	0	11	39	17	20	0	0	5	2	3	3	3	3	8	0	1	16	0	2	3	10	1	24	3	0	0	0	7	9	3	12	5	17	0	41	7	2	12	9	7	12	3	0	29	0	49	3	0	0	3	3	0
G0158	65	2	50	16	55	46	50	3	35	94	12	36	12	20	0	2	130	43	12	14	10	14	34	11	19	1	0	84	14	4	2	0	12	0	4	24	28	16	14	0	28	0	58	23	10	1	0	0	61	6	48	26	4	0	52	4	4	4	9	46	1	32	4	4	43	18	14	15	36	24	2	0	35	18	17	280	47	9	11	8	4	46	2	0	8	2	0	52	2	28	7	38	12	8	0	118	2	7	7	10	45	0	32	0	12	14	46	0	2	4	0	22	11	22	258	12	26	10	35	0	12	128	2	0	0	8	26	132	0	28	7	144	56	12	10	14	10	0	0	2	0	8	76	22	164	29	3	6	2	2	11	18	7	2	104	4	6	6	12	28	4	0	0	3	0	106	5	5	16	8	0	0	12	3	6	14	8	30	2	28	0	17	0	4	20	0	32	4	10	2	36	3	0	0	2	5	28	8	0	22	0	10	0	0	0	4	11	0
G0159	123	0	0	2	251	40	21	0	0	74	330	71	0	1	0	142	99	182	12	238	1	5	4	4	3	6	0	0	107	1	0	1	38	6	0	14	6	77	0	0	0	10	1	4	26	7	0	1	0	136	10	14	4	1	29	5	18	21	31	5	0	37	23	128	40	10	429	0	69	80	4	10	0	6	13	123	14	11	26	9	0	0	0	0	0	10	0	8	3	5	2	5	67	1	4	76	29	11	1	1	42	27	8	4	5	6	30	0	12	19	0	18	6	18	2	64	0	0	0	1	36	7	1	16	24	129	6	34	7	38	4	34	28	4	1	0	7	0	0	0	108	2	20	16	0	118	32	6	5	9	32	4	5	0	0	21	8	0	9	10	11	14	71	8	3	0	18	72	4	46	2	0	4	2	3	4	13	24	20	4	0	2	0	4	0	10	4	8	6	382	60	3	0	2	2	2	0	1	0	0	49	66	3	0	18	9	2	0
G0160	60	0	0	1	330	18	7	0	0	58	10	36	0	0	0	13	9	9	9	36	1	2	6	2	27	0	0	0	172	2	0	2	10	6	0	24	22	57	45	0	0	47	20	6	111	24	0	11	0	8	6	105	7	2	2	10	5	3	20	6	0	30	0	2	50	15	24	0	663	17	20	0	0	109	8	17	1	10	3	10	0	0	0	17	0	112	0	7	14	12	4	21	1	0	128	38	104	4	5	0	154	146	7	3	1	2	48	0	197	0	0	2	20	48	0	141	0	0	0	5	28	0	14	25	0	58	3	5	0	7	221	14	92	10	1	0	26	0	2	0	107	0	4	650	0	15	0	2	36	0	0	21	17	0	0	2	1	0	26	21	142	0	0	43	27	0	9	6	29	12	8	0	50	52	7	21	16	27	0	0	0	0	0	0	0	0	1	137	6	0	3	58	34	0	133	21	43	1	0	0	3	2	0	0	39	36	26	0
G0161	241	0	0	0	284	53	3	0	0	10	1	153	0	0	0	0	20	92	9	356	1	4	2	2	34	0	0	2	20	6	0	0	24	16	0	142	28	2	0	0	0	19	0	6	2	0	0	2	0	11	56	9	1	2	3	2	3	128	0	12	0	7	0	4	13	11	45	9	56	79	43	6	0	0	24	0	18	20	108	21	0	1	0	44	0	28	0	1	6	11	4	0	0	31	11	0	315	13	2	0	86	228	85	1	2	14	4	0	7	5	0	1	0	0	0	41	0	0	0	15	0	0	23	30	0	332	22	8	0	0	7	0	3	3	37	0	0	1	2	0	74	1	0	0	0	7	0	24	22	0	2	14	31	0	0	67	66	0	0	0	4	0	0	4	87	0	2	43	1	0	17	0	8	136	0	0	0	38	5	1	5	0	44	0	0	0	0	12	1	0	20	11	7	3	5	11	30	2	3	0	33	0	2	2	42	0	10	9
G0162	249	1	0	0	46	43	56	0	0	424	23	115	0	0	0	0	92	4	0	53	0	39	12	4	69	0	25	0	10	2	0	0	58	20	0	26	20	0	0	0	0	361	0	40	127	0	0	7	0	1	43	57	2	4	23	5	1	0	23	17	0	73	79	46	18	0	7	0	54	35	77	3	0	0	34	0	8	33	1	0	0	0	0	229	0	28	0	3	2	5	0	0	0	0	2	2	2080	0	2	0	122	1	7	0	0	8	47	0	6	1	0	1	3	1	0	485	0	0	16	204	0	0	5	0	0	45	3	20	0	14	1	0	13	68	18	0	0	101	3	0	0	0	0	0	0	4	0	11	9	0	0	24	23	0	0	0	17	0	1	0	8	0	0	3	0	0	1	6	0	0	3	0	27	0	4	0	0	0	0	0	0	0	18	2	0	0	4	0	2	0	5	10	26	1	120	0	5	10	38	0	56	12	0	1	0	0	0	1
G0168	54	1	0	1	0	98	34	16	34	518	48	124	21	23	1	2	22	41	8	32	43	36	15	2	21	4	42	67	32	10	0	4	17	11	0	17	4	0	0	0	30	1	1	7	2	2	4	17	36	0	8	5	141	8	56	2	32	7	0	51	13	17	6	47	0	6	230	48	62	14	25	3	0	0	22	0	37	6	66	6	0	42	0	0	8	14	0	7	1	9	0	1	7	0	333	0	6	1	4	0	24	0	24	1	18	8	400	0	1	1	46	0	1	0	0	50	33	8	0	0	0	0	10	0	0	9	20	2	0	0	0	1	4	4	1	1	2	93	12	0	0	1	6	3	0	0	121	11	12	0	25	14	7	4	0	22	30	15	0	0	2	8	3	9	0	0	0	11	5	1	0	0	0	0	7	0	0	1	0	18	0	0	0	4	19	0	15	0	22	148	48	0	0	253	0	9	19	14	28	14	0	4	6	24	0	0	22	3
G0169	142	4	0	1	336	24	8	0	0	113	1	83	0	0	0	0	4	6	0	83	0	7	0	10	44	0	0	2	22	5	0	0	69	13	0	86	30	2	0	0	0	10	5	0	35	0	0	13	0	21	20	23	3	5	68	1	34	20	13	7	0	17	18	2	30	11	21	3	188	32	170	1	0	0	13	0	6	50	10	15	6	0	0	36	0	59	0	3	0	13	8	8	0	121	3	936	35	12	0	0	211	3	8	13	7	8	109	0	45	7	0	38	1	0	0	73	0	0	0	8	27	0	18	2	0	85	16	2	0	0	7	8	4	5	2	0	1	4	1	7	317	0	0	0	0	2	0	8	24	0	162	52	58	0	0	169	47	0	6	3	54	0	0	25	27	0	74	29	0	0	10	0	112	57	4	1	6	11	0	0	87	0	1	0	0	1	0	4	8	0	10	14	31	0	40	9	5	2	8	0	200	0	15	0	74	2	51	2
G0170	62	2	10	931	628	37	24	0	2	34	65	32	6	26	0	1	88	4	9	68	0	4	20	2	8	0	0	50	54	0	0	0	294	2	0	10	17	20	0	1	2	15	0	2	13	10	0	46	0	26	18	24	0	0	0	4	6	12	0	7	0	10	8	26	18	18	28	0	1624	18	0	0	0	0	20	71	6	10	12	24	6	8	2	0	0	6	0	4	1	16	108	10	6	100	34	24	0	0	8	0	67	0	10	2	6	2	116	21	15	11	0	50	9	50	19	72	5	0	0	4	18	3	0	1	0	90	6	4	0	10	20	16	8	4	2	7	15	0	0	0	14	1	38	40	6	37	8	2	10	2	0	28	43	0	0	32	5	2	2	32	0	0	0	25	2	0	16	2	76	20	0	0	0	2	8	2	23	14	12	2	0	0	0	0	22	0	4	0	9	4	20	0	2	0	22	16	6	0	0	2	4	14	0	0	42	114	4	0
G0171	52	0	0	70	267	8	3	0	0	31	1	45	0	2	0	2	3	4	3	34	0	1	1	3	6	0	0	0	44	4	0	0	15	6	0	22	21	7	8	0	3	12	1	2	42	2	0	60	0	7	2	17	0	5	0	8	1	7	0	7	0	15	1	4	39	6	24	0	320	10	7	0	0	4	6	11	5	7	3	5	0	1	0	6	0	25	0	6	1	10	2	7	2	6	39	4	1298	4	1	0	66	22	7	7	3	3	36	0	9	0	0	7	5	8	0	67	0	0	0	0	20	15	9	5	0	50	6	0	0	2	44	5	17	1	0	3	12	0	0	16	38	0	3	4	0	7	0	2	24	0	1	0	7	0	103	0	0	0	48	2	59	0	0	18	1	0	1	4	4	4	7	0	4	15	4	0	5	8	5	0	16	0	0	0	3	0	1	19	1	0	4	6	2	1	14	6	12	1	0	0	1	5	0	0	5	2	19	3
G0174	128	2	40	44	0	59	36	4	0	442	0	116	7	36	0	0	14	15	4	45	0	14	26	36	42	0	0	18	36	4	14	0	19	0	0	88	12	5	0	44	39	6	90	29	57	0	2	0	0	8	48	72	0	10	5	23	34	37	0	44	2	20	48	2	14	14	60	6	74	62	42	2	0	0	24	0	26	22	22	10	0	94	6	20	5	22	0	0	0	42	44	0	4	20	16	8	22	10	2	21	74	40	30	0	50	10	16	42	26	4	0	7	0	0	34	36	10	8	70	6	64	0	64	8	0	44	6	67	0	0	12	2	4	24	18	32	4	8	0	0	30	0	0	0	0	0	1	18	6	0	10	15	16	0	0	0	10	41	0	67	73	0	0	8	10	0	6	18	0	0	4	14	1	26	1	14	0	20	104	12	2	0	3	0	2	2	57	12	10	0	26	16	20	0	8	1	6	10	0	29	0	0	4	2	0	0	15	29
G0178	202	2	4	6	0	91	40	14	0	696	0	74	8	92	2	0	6	7	2	80	0	20	38	44	28	0	0	52	18	4	21	0	33	0	0	81	12	1	0	0	0	2	12	42	13	0	0	2	0	2	78	14	0	5	2	2	16	0	0	59	2	29	26	2	0	56	60	5	54	108	17	2	0	0	46	0	37	31	45	1	0	192	4	21	0	14	0	0	0	16	0	0	4	174	0	0	19	12	0	35	76	3	36	0	26	22	30	2	0	0	0	5	0	0	2	60	14	12	64	34	5	0	38	16	6	58	8	9	0	0	0	2	2	42	24	38	1	8	1	0	0	0	0	0	0	0	0	20	21	0	14	18	12	0	2	0	24	79	0	42	57	0	0	7	0	0	2	34	0	0	3	362	8	44	2	32	0	6	86	2	0	0	6	0	2	0	67	10	26	4	40	16	0	0	5	0	22	8	0	30	0	0	7	2	0	0	3	12
G0180	138	2	44	4	4	96	38	6	9	420	78	94	8	156	1	10	60	83	4	50	0	20	58	6	13	0	0	201	17	7	4	0	18	0	0	74	7	0	0	0	0	0	124	18	12	0	0	4	244	2	94	22	0	12	0	0	20	0	0	79	9	34	2	20	0	9	222	5	32	74	27	2	0	1	34	4	29	42	34	2	0	85	2	4	0	14	0	2	0	6	20	2	13	12	0	0	18	6	0	9	20	30	35	0	8	18	12	0	0	0	0	0	0	0	0	17	24	9	42	4	38	0	10	0	28	46	136	1	0	0	0	0	4	6	12	8	0	10	4	0	43	93	0	0	0	0	0	20	6	0	2	2	2	0	2	0	1	30	0	0	26	140	94	6	0	56	6	58	0	0	1	2	6	36	0	79	0	7	134	38	4	0	2	4	4	0	24	0	18	742	52	2	0	0	0	0	2	48	0	3	0	3	0	7	0	0	0	4
G0183	68	0	4	0	3	14	34	6	4	924	70	54	12	40	0	52	8	9	8	30	0	18	12	10	23	2	0	0	39	2	2	0	25	0	0	24	12	0	0	0	13	0	164	7	19	4	0	0	16	2	74	35	12	4	9	0	6	0	0	26	6	8	47	11	27	2	120	10	64	10	20	6	0	3	8	4	10	13	13	0	0	64	2	14	58	12	0	7	18	4	0	8	9	0	1	0	12	2	2	12	24	0	12	1	16	17	88	0	12	5	0	0	12	0	0	62	25	6	0	6	0	0	5	2	0	22	2	1	0	14	0	0	12	18	32	6	0	37	6	23	0	44	0	2	0	0	0	6	6	170	2	27	6	2	0	1	41	12	0	8	8	5	4	6	0	8	0	22	12	2	0	49	6	20	1	209	0	12	8	4	14	0	6	0	2	0	18	2	6	149	46	3	76	6	2	0	8	13	0	10	1	4	0	7	0	0	0	6
G0184	155	2	0	1	0	36	108	8	0	34	47	23	39	16	2	2	101	9	350	31	113	39	15	0	10	8	36	174	35	14	0	2	26	12	8	6	10	3	0	0	98	0	4	16	8	27	0	5	11	0	7	27	0	4	2	0	3	47	0	54	27	44	1	6	0	94	247	28	12	5	33	3	0	0	11	0	111	14	15	11	0	71	0	0	4	25	0	0	0	6	0	4	5	0	0	0	1	1	7	0	63	0	3	2	0	6	7	0	0	2	4	0	9	4	0	39	16	28	0	0	78	0	22	0	0	1	10	2	27	0	0	49	0	56	1	0	0	29	2	0	0	0	112	0	0	7	0	12	25	0	0	0	32	1	0	0	1	2	0	1	2	1	0	8	0	0	0	5	0	2	0	172	28	0	2	0	4	4	0	10	0	0	0	22	86	0	2	0	48	70	21	0	0	10	0	3	2	26	19	4	1	2	6	95	0	0	23	2
G0186	135	0	0	1	1224	55	6	0	4	41	69	106	0	0	0	47	32	38	30	121	0	6	12	6	14	0	0	0	12	0	0	0	31	7	0	24	47	76	0	0	0	15	2	5	134	11	2	42	0	13	22	52	8	0	3	4	2	75	1	13	0	21	69	20	22	24	14	2	344	35	1	0	0	6	8	8	39	26	20	25	23	0	0	0	0	13	0	28	70	6	10	33	3	76	36	9	0	6	0	0	168	1	29	6	11	5	110	0	24	9	0	11	7	64	30	23	0	0	0	4	6	0	0	17	0	188	74	8	1	9	62	32	29	14	0	0	88	0	0	3	12	0	38	237	0	15	1	4	3	0	0	25	20	0	1	31	26	0	7	36	33	0	0	7	187	0	7	8	104	18	0	0	0	23	38	10	17	3	31	5	0	0	0	0	0	0	6	6	14	2	5	11	14	0	1	71	53	0	0	0	10	14	2	0	17	50	1	0
G0187	108	2	2	124	140	62	66	0	0	150	954	77	6	20	0	44	48	184	41	188	0	4	16	8	2	1	0	0	94	0	2	0	27	5	0	15	6	82	4	0	2	30	2	10	14	4	0	6	0	38	17	12	22	0	84	2	24	34	34	23	0	31	4	79	28	18	210	1	148	76	2	8	0	139	39	174	28	8	27	18	0	6	1	0	6	17	0	10	14	0	2	2	34	0	4	89	122	6	0	1	34	82	6	5	5	6	54	5	46	0	0	16	3	14	0	97	12	0	4	0	2	0	0	8	12	161	6	42	2	24	4	38	13	4	2	5	23	0	0	0	236	4	4	23	2	24	2	6	5	6	78	0	2	0	4	12	0	3	1	49	1	26	40	4	0	0	10	38	28	42	0	0	2	8	2	5	8	30	20	4	2	18	0	1	12	0	6	10	22	677	31	1	5	20	0	1	4	1	0	2	2	18	1	0	10	13	0	0
G0189	32	1	2	22	352	72	16	4	47	42	53	32	11	78	1	66	44	187	36	59	0	24	16	1	7	1	3	0	17	12	0	0	20	0	0	10	1	3	156	0	7	7	10	1	32	5	18	2	189	40	18	10	13	0	0	2	4	5	0	38	1	20	31	24	4	6	151	17	50	243	17	10	0	0	90	131	48	4	10	1	0	30	0	2	0	4	0	12	2	4	9	2	34	0	6	1	19	3	1	0	4	0	7	3	2	35	33	1	0	19	0	1	2	58	1017	21	48	3	11	0	34	0	2	27	0	6	3	7	1	16	8	1	3	5	1	2	12	0	0	0	62	40	38	0	7	12	0	3	4	2	7	3	8	1	1	3	0	4	0	0	0	27	35	4	0	36	0	11	10	11	0	247	5	23	0	15	18	0	1	13	3	0	0	3	12	0	17	0	19	800	68	2	0	16	0	0	0	5	0	6	3	4	0	0	0	1	2	0
G0190	74	2	0	0	114	20	6	0	0	47	0	77	0	0	0	3	0	7	1	44	0	2	5	12	26	0	0	1	44	1	0	0	41	4	0	52	25	26	0	0	0	33	0	3	29	1	0	123	0	20	16	56	55	3	81	6	18	68	326	10	0	20	33	7	43	23	23	0	207	13	31	1	0	1	8	0	1	27	14	6	0	0	0	34	0	84	0	5	7	11	2	28	1	9	17	8	89	14	0	0	129	4	8	18	7	3	162	0	79	12	0	52	7	11	0	225	0	0	0	7	31	12	34	6	0	190	5	28	0	2	44	8	51	2	2	0	20	0	0	128	539	0	0	7	0	2	7	6	39	0	7	12	25	0	1	2	14	0	5	42	52	0	0	27	4	0	2	14	3	6	15	0	46	66	4	0	6	24	0	2	31	0	0	1	0	2	0	12	3	0	6	34	2	0	13	26	4	3	0	0	49	2	0	0	42	7	8	1
G0193	59	1	430	5	10	48	30	5	33	166	20	54	20	198	11	18	18	96	30	74	0	6	20	8	15	1	0	8	10	2	18	0	2	0	0	18	0	14	0	0	0	0	114	6	0	3	8	0	82	5	34	14	19	1	0	6	45	0	266	42	17	20	20	40	2	17	306	8	15	97	4	16	0	0	54	0	8	4	44	3	0	50	2	0	0	1	0	14	2	4	0	1	51	44	0	21	2	6	0	20	11	6	18	2	6	8	18	2	0	20	0	59	2	6	56	8	28	4	4	0	1	0	2	1	0	62	2	7	10	8	1	12	6	0	5	1	4	0	0	0	4	28	2	0	102	0	20	7	2	24	38	0	4	0	0	0	0	14	44	0	0	19	42	2	0	2	0	242	0	8	0	4	2	6	1	125	6	0	198	30	0	0	0	0	2	580	44	8	14	638	58	6	0	0	2	0	13	8	0	6	0	4	0	0	0	0	1	0
G0194	132	1	0	329	76	42	28	9	0	220	0	67	11	61	2	0	33	11	24	40	0	11	19	16	20	0	0	6	107	3	13	0	22	0	0	66	17	41	0	65	0	0	101	28	20	0	1	0	0	1	63	15	34	4	28	1	41	128	4	33	3	21	16	5	17	33	59	4	123	64	38	9	0	1	29	0	18	12	33	2	0	103	19	34	5	22	0	0	1	56	155	0	3	0	3	0	7	21	2	5	87	2	44	1	18	18	11	1	14	1	0	31	9	0	0	68	12	8	47	11	0	4	45	32	111	94	6	10	0	0	1	19	24	20	22	45	2	34	2	5	61	2	0	0	0	2	0	13	21	0	38	55	13	1	2	0	57	41	0	15	109	0	0	4	0	0	4	23	9	3	13	0	7	224	2	31	0	3	79	40	0	0	13	0	3	0	55	7	9	0	20	16	8	1	22	0	26	6	0	14	0	3	2	13	0	0	1	10
G0196	124	0	36	182	2	31	21	11	0	144	0	84	8	48	1	0	4	8	4	47	0	10	10	12	27	0	0	22	145	4	2	0	20	0	0	121	22	1	0	18	6	0	4	21	32	0	1	0	0	8	48	48	0	12	33	28	18	13	2	24	2	22	40	5	10	22	64	4	221	50	104	2	0	0	38	0	12	12	30	6	0	109	4	24	9	48	0	0	0	55	2	0	8	34	36	4	10	17	6	7	100	52	34	2	14	9	55	2	11	10	0	8	0	0	0	108	10	8	12	8	152	0	67	34	0	88	6	8	0	6	72	4	6	48	18	52	10	15	0	0	56	0	0	2	0	0	2	13	12	0	98	83	16	0	0	0	30	52	0	31	76	0	0	14	0	0	2	20	3	0	6	1	2	16	4	2	0	10	12	6	5	0	9	0	2	0	6	4	4	0	30	12	14	0	26	4	13	4	0	19	0	2	2	0	0	0	58	17
G0197	66	0	0	0	116	46	0	0	9	13	58	114	0	0	0	0	43	9	38	32	592	28	0	0	7	45	31	0	141	0	0	15	7	1	21	27	57	0	0	0	0	187	0	0	9	2	0	12	0	61	0	52	0	0	0	3	0	26	0	1	0	27	6	26	18	7	65	0	53	37	21	12	7	0	7	0	72	6	9	14	0	0	0	0	0	94	0	0	0	14	0	2	0	40	2	249	0	15	2	0	61	28	19	90	0	3	362	0	75	0	101	27	46	9	0	309	0	0	0	0	6	0	32	0	0	50	1	0	6	52	54	0	2	1	0	0	36	6	0	0	6	0	34	0	0	80	0	18	3	0	0	0	4	0	0	28	0	0	10	18	85	0	0	23	0	0	2	34	12	0	0	0	8	147	1	0	0	58	0	0	0	0	2	12	0	0	2	13	0	10	16	0	63	304	26	178	0	0	2	0	40	35	0	20	7	1	2	0
G0198	207	1	0	0	140	22	2	0	0	54	0	221	0	0	0	0	0	5	6	142	0	4	1	5	21	0	0	3	106	4	0	0	48	16	0	84	26	2	0	0	0	1	3	9	131	0	0	45	0	2	51	13	0	10	0	18	12	130	2	6	0	18	0	13	24	2	89	0	352	41	32	5	0	0	28	0	14	38	25	55	0	0	0	142	0	51	0	0	12	6	29	0	8	46	17	322	2	15	0	1	165	32	25	3	9	3	56	0	72	19	0	15	0	0	0	90	0	0	0	15	146	0	29	19	0	152	16	15	0	0	1	3	45	41	8	0	21	9	1	3	322	0	0	1	0	0	0	14	50	0	26	75	44	0	0	3	76	0	0	30	30	0	0	35	3	0	14	21	2	0	4	0	258	65	5	0	0	10	1	0	86	0	3	0	0	0	4	7	3	0	41	23	3	0	0	2	11	4	41	0	207	0	11	1	41	0	24	9
G0199	48	1	0	0	1164	32	11	0	0	11	199	6	0	0	0	11	198	3	33	24	8	9	14	1	4	1	0	0	116	0	0	0	35	3	3	1	7	35	981	0	0	63	2	2	28	30	0	76	0	92	14	12	4	1	9	14	1	27	0	9	0	76	67	11	46	22	8	1	417	10	0	1	0	2	7	156	4	6	4	4	25	0	0	0	0	12	0	8	25	0	0	8	3	49	0	71	73	1	1	0	63	0	5	13	1	1	250	0	3	25	0	1	8	44	28	188	0	0	1	3	20	41	0	36	0	12	4	12	2	13	19	16	77	0	0	0	0	0	0	8	0	0	62	50	1	39	0	2	34	0	2	40	22	0	6	31	4	0	40	3	1	12	0	39	1	0	2	2	15	73	0	0	1	4	3	0	15	4	4	0	0	0	0	0	0	0	6	0	3	15	31	2	10	0	3	2	4	0	0	0	13	6	1	0	13	9	0	0
G0200	98	1	1	2	546	60	36	0	0	50	1054	43	0	0	0	248	94	34	74	52	0	4	24	4	4	0	0	30	17	1	0	0	83	7	0	5	6	24	0	0	0	208	6	8	21	11	0	74	0	6	27	20	28	0	25	1	2	41	24	15	0	95	6	9	24	16	13	0	82	48	2	1	0	278	7	98	56	2	0	5	0	0	0	1	0	4	0	18	28	1	1	1	6	0	1	15	71	3	0	1	28	52	4	1	2	4	101	0	37	0	0	8	3	36	2	10	0	0	0	0	12	0	2	1	5	38	9	74	2	190	26	39	12	0	3	0	203	0	0	0	222	1	10	27	3	150	65	3	1	2	48	0	0	1	1	11	0	0	16	24	1	111	4	2	1	0	2	0	260	8	0	0	44	4	0	7	15	12	82	6	6	6	0	2	0	17	11	21	12	182	6	9	21	9	1	1	6	4	0	0	6	26	0	0	25	61	0	0
G0202	58	1	5	40	6	52	30	5	12	84	77	40	32	82	0	86	24	200	73	92	0	18	17	3	8	0	0	0	52	5	3	0	7	0	0	14	2	16	0	14	17	0	20	45	32	17	7	0	15	10	73	20	10	1	11	10	20	14	15	57	1	3	32	39	3	11	192	21	20	149	3	0	0	0	67	474	39	7	23	13	0	41	2	0	0	13	0	24	22	3	8	1	106	107	0	2	0	4	0	0	11	8	14	0	5	17	59	0	0	17	0	10	11	82	325	30	56	6	4	0	18	1	1	10	1	8	9	4	0	108	11	33	3	3	2	5	14	0	0	0	3	4	94	2	205	10	7	5	3	27	6	14	4	11	277	4	5	9	30	0	5	70	6	4	0	24	5	8	8	17	0	0	2	3	1	32	27	20	144	8	0	8	0	1	10	0	22	9	25	784	114	4	0	0	0	0	0	6	0	11	0	1	1	0	0	29	1	0
G0204	100	1	42	21	0	42	50	5	78	128	46	68	28	231	2	42	44	207	65	56	2	9	18	5	14	2	2	1	30	4	2	0	7	0	0	10	6	28	0	6	2	0	148	32	8	1	11	1	150	6	54	16	17	0	4	6	16	12	6	63	2	4	0	54	8	12	320	28	12	92	2	0	0	0	50	80	24	8	20	14	0	38	2	0	8	16	0	29	8	8	0	0	80	0	0	4	0	2	1	40	6	52	10	0	8	14	11	0	2	14	0	6	4	18	691	37	40	4	8	0	24	1	4	6	14	27	14	11	0	82	2	22	1	2	4	4	0	0	0	2	11	10	19	0	131	24	0	6	2	28	69	0	4	2	60	0	0	6	126	0	3	53	28	2	0	230	2	77	1	21	0	94	4	12	0	88	13	62	136	8	0	1	0	8	9	0	76	2	24	254	74	2	0	0	0	0	0	7	0	7	0	14	0	0	0	3	2	0
G0206	75	2	10	78	2	50	50	6	2	220	116	74	36	128	10	42	84	284	11	68	2	14	36	4	10	10	6	6	8	16	4	6	13	1	1	11	3	8	0	2	1	0	40	41	10	6	56	0	164	6	62	6	45	1	8	1	10	1	4	64	10	7	0	58	1	7	340	39	28	114	5	3	0	2	26	22	30	6	22	6	4	35	8	0	12	6	0	34	2	6	0	0	31	0	0	0	0	1	4	2	3	3	6	2	8	22	2	0	0	16	0	6	6	30	144	14	42	6	1	0	42	0	6	2	22	6	12	2	0	142	2	2	0	1	5	2	1	2	0	10	2	51	46	0	30	24	0	11	0	59	6	0	4	2	52	1	0	4	38	0	1	186	47	1	0	68	1	39	0	4	0	114	6	6	0	94	14	6	70	15	2	0	0	8	24	0	73	0	24	497	54	0	0	0	0	0	0	10	0	8	0	13	7	0	0	2	6	0
G0208	55	0	2	194	173	25	22	6	1	84	129	50	15	151	4	9	74	81	8	80	0	4	11	7	10	0	1	124	55	4	10	0	14	0	0	27	3	21	0	12	0	4	41	11	3	6	0	0	9	28	23	8	9	2	2	6	13	1	250	27	8	37	26	31	6	14	234	3	109	56	26	50	0	0	26	0	10	4	20	2	0	42	3	0	2	2	0	2	4	2	1	0	26	20	0	0	0	8	2	8	13	14	14	7	6	7	18	1	0	21	0	22	5	10	0	30	41	2	4	0	0	46	9	16	12	76	2	11	25	17	5	10	30	1	6	8	8	2	2	115	4	2	2	3	0	2	1	7	3	42	5	0	4	1	0	5	22	11	26	0	1	10	42	4	0	1	2	169	9	10	1	2	6	20	0	60	9	2	86	10	0	1	1	1	2	1	7	10	4	1444	49	2	2	0	6	0	12	3	27	8	1	1	1	5	0	0	1	3
G0209	41	0	0	0	528	10	30	0	16	31	81	59	0	0	0	0	921	6	30	34	271	48	0	0	10	0	108	0	207	0	0	39	83	2	48	33	49	0	0	0	0	272	15	8	15	4	0	0	0	36	34	42	0	1	0	6	0	4	0	84	0	61	61	15	8	4	90	4	82	64	41	10	4	18	0	3	7	4	0	0	0	0	0	0	0	73	0	0	0	4	0	0	0	11	0	90	3	4	4	0	31	2	31	5	0	15	134	0	46	1	9	0	3	0	0	213	0	0	0	2	0	0	5	0	0	55	2	0	22	94	120	0	0	0	0	0	23	50	7	0	0	0	21	2	0	366	17	10	4	0	0	0	24	0	0	41	0	0	0	34	65	0	0	11	0	0	0	10	4	0	0	0	33	80	6	4	0	61	0	8	0	0	13	7	0	0	2	8	4	44	17	0	16	133	53	85	7	12	0	0	15	92	10	13	0	0	0	18
G0210	117	0	0	0	116	5	4	0	0	111	0	243	0	0	0	0	2	11	3	80	0	4	0	8	31	0	0	0	117	0	0	0	75	7	0	48	36	4	0	0	0	2	3	4	125	0	0	39	0	0	4	14	0	7	1	13	12	167	0	3	0	11	0	11	23	8	42	0	594	29	29	2	0	0	15	0	7	41	17	58	0	0	0	100	0	80	0	0	44	7	20	0	2	413	25	9	0	15	0	0	137	46	20	7	13	5	178	0	96	26	0	11	0	0	0	111	0	0	0	21	47	0	34	34	0	98	9	4	0	8	1	5	39	82	2	0	10	13	2	3	223	0	0	0	0	0	0	9	67	0	10	81	43	0	1	1	104	0	0	49	36	0	0	28	4	0	18	19	0	1	9	0	90	96	3	1	0	19	0	0	76	0	6	0	0	0	1	6	0	0	13	18	14	0	1	1	27	5	68	0	148	0	9	3	67	0	8	4
G0211	82	1	1	2	700	14	3	0	0	58	2	116	0	0	0	2	19	7	31	72	0	1	6	13	17	0	0	27	36	1	0	0	24	6	0	75	33	7	3	0	0	26	1	2	36	2	0	26	0	41	4	29	44	5	14	26	15	6	0	5	0	44	38	12	59	17	116	0	117	32	37	5	0	1	8	0	13	18	20	60	0	0	0	70	0	73	0	5	30	16	316	10	2	12	18	46	2	28	14	0	147	218	45	4	13	5	37	0	34	0	0	3	9	10	0	103	0	0	0	0	59	0	19	8	1	302	12	32	0	14	28	42	27	19	1	0	14	5	1	2	28	0	1	8	0	23	2	7	79	0	133	11	28	0	2	116	31	0	6	49	45	0	0	53	73	0	8	17	74	3	27	0	25	55	34	0	5	11	2	5	0	15	0	4	0	20	0	14	2	0	16	17	36	0	36	35	53	1	1	0	38	3	0	1	42	10	8	2
G0216	82	0	0	506	16	28	16	12	0	133	6	54	6	74	0	0	28	6	14	34	9	4	8	6	62	0	2	8	60	4	0	0	10	0	0	110	60	2	8	37	0	2	4	14	18	2	0	20	0	18	16	106	87	9	37	24	12	3	0	16	1	7	20	5	34	11	78	4	185	50	76	28	0	1	14	0	12	22	16	12	0	54	6	22	22	16	0	2	12	27	72	1	3	8	6	26	20	20	6	23	60	60	42	12	10	6	46	110	29	1	0	24	14	3	0	106	13	8	0	0	6	30	58	33	1	126	4	17	0	11	50	32	24	6	8	66	12	24	8	2	52	0	0	6	0	20	2	12	18	0	5	26	13	2	91	12	101	20	2	39	48	0	0	7	24	0	1	17	4	2	30	1	19	16	2	2	2	14	48	6	0	13	10	0	4	64	13	9	2	1	23	19	16	0	32	14	20	9	28	10	19	4	1	12	0	9	5	28
G0217	202	0	0	0	223	39	5	0	0	29	0	133	0	0	0	0	0	33	11	162	0	5	0	6	37	0	0	14	70	16	0	0	7	19	0	88	31	1	0	0	0	15	0	9	89	0	0	0	0	25	38	40	0	12	4	2	5	17	0	1	0	18	0	20	25	12	95	1	269	45	60	3	0	1	31	0	45	42	16	30	0	0	0	1	1	36	0	3	0	37	0	0	4	27	73	0	127	34	8	0	168	26	29	0	10	21	7	0	4	2	0	13	0	0	0	99	0	0	0	11	1	0	58	44	0	338	16	3	0	4	6	0	16	154	6	0	1	13	2	0	22	0	0	84	0	1	0	20	44	0	65	211	56	0	0	32	96	0	2	160	1	0	0	14	37	0	3	32	0	0	34	0	7	24	1	2	0	57	2	2	1	0	49	1	0	0	0	53	0	0	43	31	13	0	23	8	15	1	4	0	222	0	0	23	69	0	35	33
G0218	27	0	0	1	2643	52	9	0	1	1	16	5	0	0	0	190	229	42	42	23	0	1	5	0	3	0	0	0	11	4	0	0	11	1	0	0	0	5	302	0	0	54	0	2	137	3	0	1	0	8	4	5	0	0	0	34	2	225	0	21	0	56	233	56	4	24	383	12	146	31	0	0	0	0	0	137	30	40	1	10	0	0	0	0	0	0	0	5	0	0	0	0	108	0	0	0	22	8	0	0	87	0	1	0	0	10	121	0	0	0	0	0	0	0	73	63	0	0	1	0	0	0	0	13	0	0	24	0	16	47	4	1	0	0	0	0	5	0	0	0	0	0	72	4	7	0	0	0	92	0	0	4	1	0	0	96	0	0	0	8	0	2	4	110	0	0	0	0	101	74	0	0	0	0	42	0	1	2	0	34	0	0	0	0	0	0	1	6	17	709	152	1	0	0	1	0	6	0	2	0	0	4	0	0	42	0	0	0
G0223	103	0	0	0	97	36	4	0	0	22	0	78	0	0	0	4	0	17	1	100	0	2	1	8	25	0	0	2	48	2	0	0	22	7	0	77	33	13	0	0	0	111	2	1	43	0	0	24	0	3	3	33	105	10	32	11	16	37	3	7	0	42	104	9	10	8	88	1	260	39	20	0	0	0	20	0	34	31	22	36	0	0	0	4	0	19	0	1	5	24	21	2	2	1	6	115	614	9	4	0	159	4	30	2	21	8	71	0	90	9	0	12	1	0	0	63	0	0	0	13	25	1	20	8	0	290	12	3	0	0	53	12	17	44	1	0	22	1	0	15	174	18	0	1	0	1	22	16	68	0	229	34	46	0	0	0	4	0	0	42	89	0	0	26	5	0	13	15	8	6	16	0	103	109	7	0	2	9	0	4	7	0	0	0	0	30	6	8	2	0	32	24	17	0	5	7	10	1	5	0	34	4	0	0	69	10	37	4
G0224	98	2	4	158	2	49	30	4	0	318	9	39	6	85	0	1	58	5	11	37	0	7	33	37	38	0	2	4	7	7	56	0	11	0	0	79	27	0	2	15	0	0	150	41	12	1	3	7	2	8	57	46	41	6	8	17	4	1	105	40	4	9	1	5	14	16	59	5	51	65	7	21	0	6	19	1	8	10	15	9	0	92	22	2	14	3	0	1	3	9	33	1	4	6	3	3	3	6	7	125	17	26	36	7	15	10	19	55	6	1	0	4	6	2	1	15	18	6	48	0	2	28	19	3	276	82	3	18	0	16	1	15	11	1	18	42	10	5	6	0	10	1	0	4	1	22	4	15	4	0	9	5	6	1	0	3	17	20	4	4	9	0	0	1	8	0	1	18	2	0	18	242	4	6	0	118	0	4	153	18	0	1	2	1	4	7	82	4	10	2	20	8	4	0	4	10	2	20	3	25	2	2	1	1	0	2	1	15
G0227	64	2	0	79	0	96	12	0	0	268	4	62	9	42	0	0	12	4	36	54	0	10	34	11	32	0	2	0	19	256	0	0	38	0	0	52	26	4	0	0	54	15	0	0	1	0	2	3	0	11	9	66	6	34	6	3	6	8	0	110	0	8	28	2	5	3	48	0	136	48	73	6	0	20	8	0	8	13	12	12	0	35	0	0	197	11	0	0	6	80	0	0	1	32	28	0	83	102	6	0	192	42	24	2	7	12	24	2	14	2	0	8	2	0	0	52	10	0	0	22	0	0	82	16	0	122	11	14	0	8	8	0	20	16	10	86	1	8	10	0	9	4	0	14	0	0	0	26	24	0	9	118	57	0	0	8	154	12	0	14	0	0	0	4	10	0	9	20	0	0	18	0	2	13	0	0	0	14	0	0	0	0	29	1	6	0	9	22	16	0	7	26	12	0	3	14	12	6	30	10	46	1	0	33	0	0	88	34
G0228	114	0	0	0	574	10	1	0	0	24	0	254	0	0	0	0	8	13	5	108	0	3	5	10	19	0	0	0	197	1	0	0	123	7	0	49	50	25	0	0	0	8	0	3	129	0	0	92	0	19	6	6	10	3	20	24	4	1	1	1	0	41	6	18	34	13	85	0	254	7	20	18	0	1	15	0	7	21	23	45	0	0	0	68	0	55	0	2	8	17	0	0	2	32	3	32	0	12	7	1	247	43	34	44	9	5	63	0	101	23	0	2	4	0	1	261	0	0	0	26	1	0	33	56	0	143	15	15	0	2	2	15	78	18	0	0	28	19	4	78	14	0	0	38	0	0	0	4	74	4	13	65	49	0	0	6	147	0	0	100	9	0	0	22	2	0	7	21	10	16	30	0	143	64	17	0	0	4	0	0	56	0	14	5	0	0	0	26	0	0	32	2	9	4	27	14	19	1	210	0	91	5	9	17	35	3	3	9
G0229	78	0	0	0	294	187	22	0	45	7	128	51	0	0	0	42	22	118	21	41	0	7	4	0	3	0	0	0	112	3	0	0	6	3	0	0	2	24	488	0	0	73	0	1	83	117	2	1	0	96	4	30	1	0	0	12	38	75	0	71	0	6	176	32	6	34	609	7	267	70	0	14	0	1	8	114	70	142	1	41	0	0	0	0	0	2	0	11	0	0	0	0	78	1	1	2	0	31	1	0	188	0	41	0	0	11	70	0	10	2	0	0	0	51	328	108	0	0	24	0	0	0	0	22	0	8	24	1	6	104	7	1	7	2	0	0	1	0	0	0	0	0	98	11	17	0	0	3	28	2	0	5	4	0	0	67	1	0	0	1	0	1	12	20	0	0	0	1	36	48	0	0	2	0	32	0	6	10	0	18	0	0	0	0	0	0	0	34	40	676	170	5	0	4	46	2	7	0	2	0	2	10	0	0	27	0	0	0
G0230	82	0	0	1	410	32	39	0	5	28	370	52	0	0	0	16	63	123	304	190	0	5	29	4	3	1	0	1	402	0	0	0	10	5	0	8	10	114	0	0	0	24	5	3	59	28	0	3	0	74	8	14	14	1	17	37	18	115	19	12	0	24	129	97	34	12	140	0	71	61	0	4	0	44	19	338	18	14	33	18	12	0	0	0	0	12	0	15	57	2	15	1	50	61	1	10	28	29	2	2	71	1	9	0	0	2	72	0	14	15	0	13	4	14	4	184	0	0	0	2	6	0	0	16	25	119	7	4	2	20	1	97	47	2	0	0	48	0	0	7	38	0	100	14	8	34	0	7	15	25	18	28	2	1	72	18	1	0	7	6	3	22	17	27	1	0	1	28	93	79	0	0	0	1	0	3	5	2	6	9	0	43	0	1	0	1	6	10	22	37	74	1	5	0	2	6	2	1	0	0	6	21	2	0	58	15	0	0
G0231	54	0	3	20	8	32	26	6	0	118	20	50	10	170	5	10	38	77	12	62	0	4	18	8	8	0	0	0	24	2	25	0	12	0	0	20	2	18	0	42	2	6	158	7	6	2	2	0	12	16	28	15	6	1	12	7	18	2	505	34	2	13	20	51	16	14	302	8	22	54	2	21	0	6	40	76	10	7	17	6	0	27	0	0	3	3	0	3	8	6	26	6	32	1	1	1	5	11	1	126	9	8	6	4	8	8	11	6	12	9	0	4	8	16	60	25	42	2	25	0	7	0	2	1	282	48	11	28	10	26	4	23	3	2	4	2	2	0	0	2	2	0	5	7	56	46	10	6	2	66	7	0	0	1	307	0	2	13	80	2	7	32	37	4	0	28	2	78	2	18	0	6	1	0	2	138	10	6	336	20	2	0	0	1	0	24	10	4	9	386	64	2	0	0	0	0	0	2	0	8	3	8	4	0	0	0	0	0
G0233	69	1	0	212	18	41	60	5	0	156	208	60	23	137	0	107	72	112	27	62	0	10	20	25	7	0	0	0	10	5	5	0	3	0	1	20	6	9	1	3	4	52	29	16	4	9	1	1	53	25	18	16	0	0	11	6	12	1	237	30	1	9	324	120	7	4	211	10	4	98	3	5	0	22	14	28	24	3	10	4	17	27	13	0	23	42	0	28	5	5	1	0	39	0	3	6	26	17	3	25	16	1	5	16	6	6	19	1	6	6	0	13	17	49	202	30	49	4	23	0	2	0	1	0	67	22	12	40	3	21	7	10	4	0	4	1	7	0	0	0	0	24	7	4	11	152	0	6	1	88	14	0	0	12	87	2	0	6	32	8	18	23	23	3	2	2	1	103	0	10	0	49	0	4	10	123	14	12	169	5	0	0	0	2	0	0	22	1	17	635	38	6	2	10	0	0	0	7	0	9	1	13	0	0	0	92	0	0
G0235	70	0	0	219	83	48	62	5	0	151	127	50	13	154	2	23	42	84	2	50	0	5	12	13	6	4	1	0	25	13	11	6	3	0	64	20	4	3	44	4	4	33	44	15	20	12	2	0	26	17	27	15	10	2	8	5	18	13	347	45	2	13	169	47	17	4	200	25	42	75	8	14	0	19	22	28	37	3	15	5	231	29	10	0	5	9	0	4	8	4	12	5	33	0	2	4	6	7	2	2	9	1	8	8	4	13	19	19	5	19	0	8	4	59	227	21	39	2	20	0	2	5	2	1	64	51	4	6	4	33	4	5	5	0	11	2	1	0	0	1	4	1	23	7	5	34	0	12	1	25	3	0	1	2	4	2	2	8	27	0	8	61	36	1	0	0	2	94	1	5	0	1	2	11	3	82	12	8	71	6	4	0	0	7	0	10	43	4	12	1036	40	3	1	6	0	0	0	3	0	7	1	10	0	0	0	0	0	0
G0239	68	0	10	71	33	57	30	4	0	247	26	58	17	202	5	4	19	82	14	76	0	6	26	18	15	0	0	63	35	1	12	0	18	0	0	57	4	5	0	18	2	5	48	16	14	3	2	0	14	27	51	20	20	1	10	12	12	4	492	48	2	30	16	56	28	14	272	9	55	92	8	22	0	3	36	30	14	6	30	4	0	57	2	0	2	2	0	13	16	10	9	4	34	0	8	0	1	10	0	9	14	27	19	8	18	10	19	2	4	8	0	18	6	16	16	34	49	4	12	2	34	0	6	4	25	70	4	54	13	7	3	22	8	2	9	9	2	0	0	13	26	0	14	4	16	22	10	12	1	12	25	0	3	0	8	2	10	24	122	5	28	46	53	4	0	14	6	94	2	7	0	10	4	3	2	107	6	4	166	51	4	1	0	1	0	51	36	21	11	762	68	11	3	0	2	0	0	6	0	14	2	8	4	0	0	0	2	0
G0240	151	0	0	0	186	32	0	0	0	47	0	62	0	0	0	19	0	42	0	144	0	4	0	1	11	0	0	0	44	6	0	0	20	6	0	87	81	13	0	0	0	31	0	0	77	0	0	0	0	14	1	24	3	14	0	2	7	46	7	28	0	11	31	0	0	3	195	0	70	9	23	0	0	78	6	0	17	13	13	79	0	0	0	24	0	0	0	11	75	43	59	84	5	135	0	30	274	2	0	0	244	0	42	0	0	23	116	0	70	8	0	0	1	38	0	87	0	0	0	0	36	0	45	0	0	274	82	0	0	0	50	3	0	55	0	0	4	0	0	4	87	0	111	0	0	0	36	32	45	0	94	0	16	0	0	0	18	0	0	0	50	0	0	11	83	0	4	6	8	0	7	0	0	10	0	0	29	46	0	0	9	0	0	0	0	35	14	6	5	0	17	22	0	0	6	3	66	37	0	0	106	0	0	0	58	65	2	0
G0247	218	0	0	0	116	68	18	0	0	49	1	280	1	1	0	3	0	70	5	176	2	6	2	5	27	0	6	7	28	9	0	0	39	15	0	118	75	69	0	0	0	2	1	10	58	2	0	2	0	50	10	28	78	11	20	45	22	0	0	8	0	31	63	22	54	17	115	3	40	39	72	39	0	66	23	0	70	44	47	66	0	0	0	10	0	19	0	27	3	7	0	0	3	49	14	5	24	60	21	12	217	31	46	3	11	25	50	0	71	32	0	1	28	0	0	81	0	0	2	39	1	0	30	34	0	205	34	18	0	4	2	1	12	135	2	0	28	63	29	341	1	0	2	3	0	3	0	24	38	0	47	59	9	0	3	21	147	0	1	14	1	0	0	22	12	0	20	31	7	14	58	0	10	98	4	4	0	5	17	2	0	0	12	0	0	0	4	8	0	0	22	4	11	0	7	73	20	2	65	0	3	1	2	15	27	1	6	21
G0242	109	0	0	0	264	20	2	0	0	24	0	317	0	0	0	0	2	25	26	113	0	5	0	1	44	0	0	1	110	4	0	0	70	9	0	41	56	8	0	0	0	34	1	2	27	0	0	7	0	6	3	16	7	3	76	32	4	316	7	1	0	15	23	31	15	14	134	0	662	33	24	14	0	1	10	0	28	29	19	57	0	0	0	53	0	50	0	1	145	12	7	0	3	84	0	0	7	8	0	1	186	125	38	16	20	3	94	0	77	38	0	1	0	0	0	116	0	0	3	11	0	0	34	34	6	116	12	3	0	4	2	49	77	37	1	0	0	29	3	37	33	0	0	6	0	0	4	13	46	0	11	39	143	0	1	10	120	0	0	44	32	0	0	18	0	0	5	20	4	12	24	0	66	56	2	0	0	2	0	0	30	0	22	0	0	0	10	24	0	0	53	3	60	6	40	173	42	0	317	0	66	1	4	12	28	0	6	17
G0243	68	0	7	29	0	43	60	8	7	136	66	56	14	86	3	37	67	110	53	54	0	7	26	7	6	7	8	0	76	5	5	4	7	0	0	11	3	27	0	1	2	26	426	8	16	4	2	0	240	8	42	11	8	2	13	4	12	11	264	46	5	10	3	83	6	12	446	22	72	162	3	4	0	36	26	62	20	5	20	6	0	28	1	0	8	2	0	16	5	6	4	3	55	9	5	12	58	5	6	22	6	34	8	8	2	7	18	4	3	24	0	7	5	18	362	32	45	4	13	0	3	1	4	4	116	27	7	47	1	14	4	22	3	2	8	2	8	0	0	2	5	6	32	2	174	39	2	8	4	36	12	0	1	8	10	1	0	7	105	1	11	65	96	4	0	152	2	52	3	10	0	79	2	0	1	80	17	4	84	24	4	0	0	6	6	2	42	1	14	504	88	2	0	0	0	3	0	4	0	6	1	6	6	0	0	0	0	0
G0246	52	0	0	0	211	6	0	0	0	36	0	43	0	0	0	12	9	26	2	76	0	0	0	14	31	0	0	8	78	0	0	0	25	5	0	67	28	62	0	0	0	40	1	0	108	6	0	2	0	21	4	55	43	8	15	12	25	67	0	0	0	48	73	22	10	20	117	2	31	7	27	0	0	10	3	0	28	29	15	41	0	0	0	30	2	23	0	10	57	26	49	130	7	217	5	103	64	26	0	0	185	0	26	0	2	4	76	0	43	2	0	4	13	91	0	86	0	0	0	2	5	1	17	40	0	216	13	0	0	2	162	25	28	150	0	1	7	0	0	6	88	0	4	3	0	0	17	3	77	0	83	2	42	0	0	0	1	0	92	27	79	0	0	26	12	0	10	9	22	33	27	0	7	32	6	1	22	5	0	0	17	0	0	1	0	21	1	40	0	0	31	22	4	0	59	26	197	1	0	0	16	6	2	0	96	212	2	0
G0248	188	0	0	0	240	22	6	0	0	174	0	383	0	0	0	2	8	7	27	88	0	6	3	2	23	0	0	7	146	3	0	0	78	13	0	36	30	5	0	0	0	9	8	30	83	0	0	0	0	2	29	23	0	7	160	21	2	0	13	4	0	29	101	18	7	5	77	1	205	51	34	18	0	0	13	0	12	22	15	50	0	0	0	13	0	32	0	2	18	8	0	0	2	99	5	0	4	14	0	1	123	55	29	0	7	6	161	0	40	9	0	0	0	0	4	87	0	0	19	21	0	0	15	25	1	83	9	2	2	8	4	162	139	10	1	0	0	21	2	0	23	2	0	0	0	0	2	16	60	0	12	1	182	0	0	10	64	0	0	1	50	0	0	11	0	0	10	18	22	3	20	0	64	55	2	2	0	4	0	0	58	0	31	0	0	0	2	27	0	0	35	3	103	3	29	113	20	2	322	0	30	24	4	13	7	2	17	18
G0249	128	1	10	40	27	47	53	9	0	272	0	76	18	56	0	31	7	25	5	40	1	18	30	16	26	0	0	5	24	2	15	0	28	0	0	98	18	19	0	0	30	10	38	36	22	1	1	34	0	24	82	26	182	12	2	8	4	0	10	64	0	23	12	6	61	26	55	22	22	55	24	0	0	0	29	0	16	15	19	13	0	100	16	6	28	19	0	20	1	21	112	10	6	8	22	4	2	9	0	1	65	8	34	12	32	6	51	0	18	0	0	2	12	28	0	62	12	12	1	20	25	0	28	3	0	30	12	6	0	27	7	12	12	14	22	40	8	34	0	1	12	2	4	8	186	3	26	20	8	4	14	15	10	0	2	5	4	29	91	67	47	0	1	9	114	22	20	12	8	2	6	8	6	25	4	14	9	4	24	24	1	8	0	0	8	1	46	14	12	0	16	6	1	2	2	6	26	15	0	20	8	3	4	0	0	4	0	4
G0253	94	1	46	5	0	60	31	10	3	190	12	50	7	52	0	8	4	21	4	34	0	11	28	16	18	0	0	2	42	3	29	0	10	0	0	38	5	2	0	16	10	4	227	27	40	0	0	0	4	2	78	80	78	3	26	50	13	1	372	38	4	20	16	12	32	21	38	44	2	38	4	0	0	0	25	14	12	10	10	19	0	76	37	0	148	6	0	20	5	26	5	7	8	0	88	12	12	9	0	21	40	54	30	68	23	6	58	0	6	0	0	4	5	20	83	12	17	14	15	2	14	0	6	0	104	34	17	178	0	52	5	12	34	0	12	8	7	0	0	0	10	2	2	5	243	2	3	10	4	8	152	0	10	10	1	0	10	14	88	26	62	0	0	3	106	34	4	8	3	0	0	168	4	18	4	205	4	4	397	26	0	0	0	0	0	28	32	2	14	0	12	14	18	0	4	7	16	4	0	17	2	0	0	0	0	3	1	0
G0255	52	0	60	36	2	61	26	6	0	112	16	52	14	156	2	10	36	78	154	64	0	5	26	14	4	0	0	0	46	1	6	0	12	0	0	16	2	20	0	2	4	7	98	6	4	1	1	0	27	12	32	8	10	1	2	4	7	12	591	42	2	6	1	54	12	18	280	8	8	56	2	2	0	6	67	146	11	12	27	12	0	42	9	0	4	9	0	10	2	2	0	4	36	2	2	0	7	4	0	30	13	11	8	5	6	4	18	4	4	3	0	8	1	12	47	14	28	2	32	0	13	0	0	3	368	42	11	84	0	23	8	16	16	4	4	2	0	0	0	0	10	16	16	2	39	8	0	7	1	34	33	0	2	2	205	2	0	12	412	3	9	17	62	3	2	14	2	50	2	27	0	2	0	4	0	134	5	1	194	37	0	6	0	0	2	2	18	2	20	100	78	2	6	1	0	0	0	2	0	14	0	1	2	0	0	2	0	0
G0256	66	2	20	94	32	40	50	12	1	121	30	23	30	58	0	64	68	36	2	28	35	9	22	4	23	6	10	88	6	12	16	98	34	0	54	27	33	8	10	10	0	10	268	8	12	2	2	4	4	14	11	68	45	0	27	10	9	36	216	28	14	24	27	11	19	6	147	8	7	38	30	28	54	2	6	0	16	9	10	10	6	28	36	10	12	5	0	32	2	6	2	4	8	7	1	12	76	4	20	19	18	4	7	22	2	8	36	0	31	0	0	5	20	30	0	2	26	4	39	0	10	18	9	0	72	40	14	3	13	1	4	6	14	1	19	28	2	2	34	0	0	65	18	9	0	61	0	11	2	30	34	0	6	13	0	28	0	4	6	20	8	0	0	1	3	0	3	8	5	2	20	26	4	24	0	40	6	2	44	8	4	0	19	10	10	23	28	6	13	0	38	7	0	8	0	15	0	20	0	12	2	10	22	0	0	0	2	0
G0261	92	1	12	144	10	37	90	4	0	75	12	8	6	28	1	26	202	7	2	16	1	7	28	8	8	0	1	34	5	4	8	11	29	0	3	26	20	2	56	10	0	48	457	14	9	0	0	33	1	3	50	22	27	0	18	6	6	5	299	32	17	13	199	3	13	20	43	4	8	18	21	6	2	16	8	1	26	4	6	3	0	44	60	4	32	8	0	88	28	4	0	2	1	3	7	3	0	2	2	28	8	2	10	33	2	28	38	0	12	0	0	8	7	14	0	2	11	4	4	0	25	1	1	0	112	31	18	3	4	2	10	2	34	0	52	20	12	0	5	0	0	14	8	5	0	175	2	11	3	70	13	0	2	4	0	0	0	8	0	12	8	0	2	2	2	3	4	6	3	1	13	30	4	0	0	58	4	6	205	20	0	0	0	0	6	128	42	1	13	0	7	4	2	4	1	6	2	20	0	16	1	24	22	0	0	6	2	0
G0263	61	0	3	95	57	28	35	20	0	131	78	34	10	71	0	15	199	29	1	21	9	4	12	16	14	0	11	62	0	0	5	30	29	0	40	24	26	2	160	1	0	3	52	6	0	13	0	10	2	1	5	18	118	0	13	3	1	11	444	18	2	1	26	4	119	9	157	1	12	24	16	26	97	2	3	0	5	5	7	4	0	18	81	1	20	52	0	27	5	1	62	2	13	0	0	0	12	4	18	16	14	0	3	23	3	3	175	0	17	0	0	11	5	28	3	1	30	2	6	0	1	0	0	0	143	44	19	21	8	0	2	1	17	0	16	33	0	0	96	0	0	9	0	1	2	113	0	13	0	13	1	0	2	18	2	0	0	2	0	9	1	0	0	5	5	7	4	11	0	2	31	21	2	0	0	118	1	0	173	5	0	0	0	3	3	2	30	0	6	0	63	12	0	10	0	0	0	13	0	5	0	2	35	0	0	0	0	0
G0267	81	0	3	27	63	58	40	15	0	146	9	27	9	15	2	8	28	5	13	17	3	7	80	33	7	0	0	32	8	6	45	17	126	0	7	11	11	9	0	6	21	29	0	37	45	0	0	2	0	8	67	31	9	7	5	10	3	5	333	179	12	89	11	1	12	22	16	7	99	19	10	0	12	12	4	9	12	12	6	4	1	79	4	3	18	1	0	33	1	11	0	17	3	4	14	5	0	10	3	0	19	10	10	6	16	14	29	0	4	3	0	4	7	19	0	22	8	30	2	2	35	0	17	7	0	9	5	26	0	19	57	22	6	37	26	6	10	0	2	83	5	0	8	0	7	6	97	27	6	73	6	1	14	5	0	0	1	3	259	21	33	0	0	4	40	0	21	4	14	1	2	0	2	38	8	71	12	10	0	32	0	0	0	1	20	15	144	1	14	0	10	13	0	0	3	4	39	4	0	14	15	6	3	0	0	4	15	1
G0269	80	1	580	24	45	54	34	38	2	189	60	24	13	24	1	3	28	12	18	26	12	1	58	27	14	0	1	3	11	8	57	14	84	0	13	19	21	8	0	21	30	14	14	31	42	0	0	3	2	9	30	49	15	8	2	6	5	5	284	82	19	36	11	5	22	14	30	3	113	14	27	4	18	37	8	9	20	11	7	8	0	49	2	2	40	1	0	38	3	12	0	22	4	3	15	4	0	17	6	0	33	14	14	11	9	13	41	0	7	4	0	4	16	32	0	30	12	46	29	0	48	0	29	4	3	22	15	31	0	25	38	12	10	21	10	10	11	1	9	34	11	0	10	4	1	5	20	10	7	93	28	0	7	28	2	0	3	6	131	55	29	0	0	1	37	0	12	4	15	2	4	0	5	28	5	34	20	9	118	23	4	0	0	1	4	126	64	3	28	0	24	13	0	0	3	4	17	2	0	19	8	7	1	1	0	1	10	1
G0270	118	2	2	154	10	124	74	20	1	539	27	44	17	22	1	1	39	12	79	47	3	12	57	35	6	2	0	11	19	6	34	56	99	0	19	21	24	10	0	0	26	13	4	88	62	0	6	3	0	5	59	29	10	12	4	2	3	1	181	206	11	80	19	3	9	8	27	18	161	40	23	0	3	8	9	17	27	10	6	12	0	66	8	2	19	6	0	22	1	15	6	11	3	3	28	2	0	10	5	0	18	28	24	3	29	25	25	1	6	3	0	3	10	22	0	25	20	31	2	0	33	0	21	6	0	21	15	23	0	17	65	7	2	10	19	14	4	0	3	64	2	0	6	1	0	13	34	37	4	0	24	14	11	26	1	0	11	5	31	24	37	0	0	2	5	2	9	3	3	1	2	0	2	39	10	0	10	5	1	31	25	0	0	2	8	114	81	1	56	0	14	10	0	0	6	3	14	4	0	25	10	10	4	0	0	1	21	2
G0273	63	6	1	390	0	26	59	6	315	466	12	71	6	9	3	0	119	2	0	10	327	4	6	3	29	86	8	0	10	13	1	23	20	54	120	4	13	0	9	46	1	21	30	6	94	29	6	1	26	61	5	14	5	31	2	7	34	32	0	35	10	2	53	27	21	4	140	7	1	10	37	21	7	2	1	2	9	3	1	0	2	19	0	0	0	27	0	4	2	1	0	0	10	0	0	0	3	7	6	2	17	0	0	2	43	0	5	3	16	0	154	0	9	0	0	5	11	4	0	0	0	2	3	0	0	4	3	0	11	1	0	1	0	1	13	10	1	10	3	0	0	0	24	3	0	38	13	6	0	0	0	0	1	1	0	0	0	1	56	1	0	0	0	1	10	0	1	0	0	1	5	0	0	0	1	7	0	0	0	1	2	0	9	48	20	28	22	1	8	0	48	1	0	17	0	1	0	9	2	2	1	1	16	3	0	0	0	0
G0275	50	0	11	103	44	14	24	13	56	61	87	33	5	21	0	0	64	50	0	10	526	4	4	0	27	22	6	25	46	25	0	13	5	0	263	8	19	21	1	14	0	0	49	0	0	76	0	3	0	24	0	17	47	23	12	60	23	12	4	12	5	3	6	2	6	14	175	1	1	26	43	33	173	0	2	5	4	7	4	8	812	17	3	4	0	21	0	1	0	0	0	0	3	0	0	0	10	29	20	13	27	1	1	2	3	0	12	5	19	9	1	13	14	0	0	0	12	3	15	0	0	22	0	0	1	22	7	5	26	36	0	7	5	0	11	21	1	3	19	1	0	0	0	0	0	133	19	3	6	0	0	0	0	26	66	1	0	0	3	4	0	0	3	6	0	0	1	3	0	3	19	46	0	61	4	24	0	0	0	6	0	0	16	11	22	2	4	3	4	0	33	1	0	3	0	0	0	10	0	3	3	4	55	0	0	0	0	0
G0276	62	0	31	40	8	33	63	13	52	134	28	18	6	32	0	1	32	46	0	18	76	10	12	2	24	19	4	11	16	8	1	25	12	0	355	14	22	10	0	6	0	0	88	2	2	20	2	0	0	27	2	46	20	8	20	126	6	2	205	27	14	8	4	2	38	6	159	8	1	33	24	20	73	0	4	4	3	4	5	6	74	24	12	6	1	19	0	1	8	1	0	0	4	0	17	0	6	16	14	36	24	0	2	42	0	0	18	19	30	12	0	8	6	1	0	1	20	3	43	0	1	34	3	0	0	16	8	4	24	56	0	8	16	2	25	16	2	5	20	0	4	7	0	1	0	48	302	8	0	0	2	0	0	15	12	0	0	2	6	6	0	0	0	1	0	2	0	4	0	2	16	12	0	28	1	48	0	2	0	10	0	0	4	10	8	1	10	56	10	0	36	3	0	1	0	0	0	9	0	7	2	25	30	1	0	0	0	0
G0279	50	0	1	28	6	30	60	24	126	80	28	9	5	24	0	8	24	72	0	20	46	8	20	2	26	10	8	17	6	11	1	30	14	0	228	14	28	18	0	4	0	2	140	2	7	10	2	0	1	13	4	40	53	8	26	56	2	0	218	22	14	12	2	2	23	6	144	14	1	22	16	28	40	0	4	2	4	8	6	6	76	21	6	9	0	12	0	2	6	3	0	1	6	0	48	12	37	16	12	38	15	0	2	10	0	1	34	18	22	10	0	5	14	3	0	1	13	4	104	0	0	6	6	0	0	18	6	6	44	14	0	6	27	6	18	15	2	4	40	0	10	6	0	2	0	29	137	9	2	0	12	0	0	18	12	0	0	2	22	8	2	0	0	3	0	0	2	4	1	3	10	74	0	20	0	74	0	2	25	13	0	0	6	6	4	6	10	38	16	0	38	4	0	0	0	0	0	6	0	6	4	14	20	4	0	0	2	0
G0282	47	0	12	18	0	38	16	16	698	32	38	30	6	24	2	0	23	6	1	7	58	36	8	0	8	9	14	0	18	51	6	6	37	95	83	8	16	0	0	0	0	46	520	2	8	12	0	8	530	6	0	9	0	16	0	18	24	2	0	28	2	2	25	172	21	8	234	3	2	39	32	14	0	27	18	49	26	9	6	1	0	10	0	0	0	14	4	10	0	4	200	0	30	0	0	0	0	11	4	12	20	2	1	6	0	2	28	1	18	0	35	3	6	0	0	10	21	3	0	55	2	0	4	0	0	4	3	0	6	0	0	8	14	1	3	6	0	24	10	0	5	0	62	0	0	20	0	2	3	0	0	0	0	4	0	0	0	5	22	0	4	0	227	0	1	0	0	34	0	0	4	1	0	39	0	6	0	0	0	8	0	0	2	72	4	0	4	2	12	14	70	0	0	4	2	4	0	21	0	8	12	17	12	18	0	0	7	0
G0283	111	2	84	32	0	40	64	10	326	174	28	30	11	16	0	39	64	126	0	25	24	30	36	14	10	10	7	82	8	14	6	20	69	8	60	25	21	34	2	2	4	2	654	16	0	6	0	2	1	2	26	6	58	8	8	5	18	0	30	67	2	8	0	19	22	3	103	16	13	32	26	11	0	12	10	13	44	19	9	6	39	48	3	1	137	5	0	8	0	4	0	1	22	52	7	0	4	2	8	45	25	19	6	6	8	4	19	0	30	5	42	8	3	2	0	4	15	22	106	30	0	0	4	0	0	10	40	2	0	6	0	2	3	0	16	5	0	26	26	0	2	44	84	4	0	16	80	13	3	0	62	0	3	6	16	0	0	7	0	3	3	0	0	2	2	44	1	16	2	6	6	131	0	2	2	144	0	2	26	13	0	0	0	6	7	0	42	2	24	0	42	0	2	4	0	20	3	12	0	13	2	44	35	5	0	0	4	2
G0286	50	0	12	56	0	34	68	14	160	126	69	38	10	20	0	366	30	68	3	16	74	10	12	1	38	12	14	30	50	21	2	16	64	26	146	16	20	18	6	19	2	0	236	6	0	26	1	7	8	22	8	42	26	8	13	32	50	3	8	24	8	14	0	74	31	7	175	12	2	21	34	15	16	127	6	7	18	12	10	7	75	18	11	3	14	14	0	10	8	6	0	1	28	0	26	0	7	5	8	16	18	23	3	10	1	2	91	1	8	0	44	8	8	0	0	20	14	2	36	2	0	2	8	0	0	12	14	0	12	10	0	1	24	2	12	6	2	11	23	0	0	4	2	6	0	26	38	7	3	2	11	0	3	14	11	10	0	2	5	14	4	0	83	3	0	51	4	12	1	6	8	60	0	10	2	28	0	2	46	8	4	1	5	38	8	0	54	6	8	10	62	4	4	17	0	8	0	20	0	5	5	22	18	6	0	0	5	2
G0288	39	2	4	106	9	19	43	8	114	126	58	14	5	12	1	8	43	31	4	12	261	7	10	3	11	33	10	11	105	3	1	11	32	7	310	8	20	11	27	20	0	0	64	1	18	18	1	3	12	210	9	13	33	15	6	22	68	1	39	23	24	31	0	20	8	7	128	13	15	15	33	14	91	11	2	11	8	3	4	3	360	29	12	3	46	25	0	6	4	1	0	1	9	0	54	0	3	10	9	18	16	0	0	30	2	9	22	10	17	3	7	6	12	0	0	4	8	2	67	0	2	2	4	0	19	9	3	11	26	67	0	9	9	15	12	8	0	2	14	2	0	15	0	0	0	82	12	5	1	0	19	0	1	9	103	1	0	0	2	8	0	0	20	1	1	12	4	3	0	5	8	38	0	3	1	45	1	0	12	8	1	0	4	2	9	6	14	8	8	1	47	1	0	53	0	1	0	2	0	2	2	20	23	5	0	0	0	0
G0301	63	241	0	417	0	0	6	0	90	29	3	207	105	32	151	0	2	0	0	0	767	11	1	0	2	169	34	0	0	118	0	120	1	80	1	0	2	0	36	0	0	1	0	1	0	13	84	0	0	0	0	0	0	14	0	0	0	1	0	134	1	0	0	0	2	0	2	28	0	0	0	0	0	0	0	0	0	0	0	0	0	71	0	0	0	0	1	0	0	0	0	0	0	0	0	0	0	0	0	0	6	0	0	2	0	0	0	32	0	37	373	0	0	0	0	3	35	0	0	0	0	0	0	0	0	0	0	0	91	0	0	0	0	0	103	0	0	0	0	0	0	0	0	0	0	3	0	0	0	0	0	0	0	0	0	0	0	0	0	0	0	0	0	0	0	0	28	0	0	0	0	0	0	0	0	0	0	0	0	0	0	0	0	0	0	0	0	0	2	0	2	0	0	1	0	0	0	0	0	0	0	0	0	0	0	0	0	0
G0302	65	35	0	327	0	1	31	0	8	33	76	99	69	13	50	0	13	0	0	5	422	5	3	0	13	86	58	0	0	9	0	40	19	40	32	4	5	8	183	0	2	162	0	3	0	92	25	0	0	10	0	0	0	23	0	2	0	33	0	38	1	1	0	0	6	2	15	12	1	0	6	0	0	0	0	0	0	9	0	0	0	40	0	0	0	1	3	0	0	0	0	0	0	0	0	0	0	0	0	0	20	0	0	4	0	0	0	32	1	13	346	0	0	0	0	150	26	2	0	0	0	0	0	0	0	0	3	0	27	0	0	7	0	0	157	4	0	10	0	1	0	0	0	0	0	35	0	0	2	0	0	0	0	1	0	0	0	0	9	0	0	0	0	0	0	0	113	0	0	0	0	0	2	0	0	0	0	0	0	1	0	0	0	0	0	0	0	0	9	0	8	0	0	1	7	0	0	0	0	0	0	0	0	0	0	0	0	0
G0305	30	158	0	3	5	4	1	3	1019	102	0	126	6	20	116	0	1	2	0	16	166	36	10	0	2	187	23	0	0	3	13	167	3	1	0	0	8	0	0	0	0	0	12	0	2	149	56	0	102	0	0	0	0	24	18	0	4	0	0	28	0	0	0	22	4	0	57	0	0	39	70	1	0	0	1	0	0	3	8	0	0	7	0	0	0	16	10	0	0	0	0	0	5	0	0	0	0	0	2	12	1	0	0	0	0	0	0	4	0	0	718	1	0	0	0	3	2	4	0	0	0	0	0	0	0	0	0	0	0	0	0	0	0	1	0	2	0	4	0	1	0	128	0	0	0	4	0	0	0	0	0	0	0	0	0	0	0	3	1	0	0	0	26	0	0	0	0	1	0	0	0	0	0	0	0	12	0	0	0	0	0	0	1	6	1	0	0	0	70	0	34	0	0	0	0	0	0	4	0	6	0	0	1	5	0	0	0	0
G0307	46	867	0	1	0	0	2	0	1004	44	0	40	68	26	30	0	2	0	0	0	4	8	0	0	6	46	8	0	0	3	0	132	0	46	0	0	0	0	0	0	2	2	0	0	0	0	328	0	0	0	0	0	0	12	0	0	0	0	0	86	0	0	0	0	2	0	0	2	0	0	0	0	0	0	0	0	0	0	0	0	0	104	0	0	0	0	2	0	0	0	0	0	0	0	0	0	0	0	1	0	9	0	0	0	0	0	0	0	0	0	12	0	0	0	0	0	1	2	0	0	0	0	0	0	0	0	1	0	0	0	0	0	0	0	2	0	0	0	0	0	0	0	0	0	0	2	0	0	0	0	0	0	0	0	0	0	0	0	0	0	0	0	0	0	0	0	0	0	0	0	0	0	0	0	0	8	0	0	0	0	0	0	0	0	0	0	0	0	0	0	0	0	0	0	0	0	0	0	0	0	0	0	0	0	0	0	0	0
G0308	6	0	0	4	0	0	0	1	1194	20	4	57	412	0	26	0	0	0	0	0	10	6	0	0	1	792	94	0	0	293	0	114	0	0	0	0	0	0	0	0	0	34	1	0	0	0	2	0	0	0	0	0	0	16	0	0	0	0	0	5	0	0	4	0	1	0	0	0	0	0	0	0	0	0	0	0	0	5	0	0	0	43	0	0	0	0	4	0	0	0	0	0	0	0	0	0	0	0	0	0	4	0	0	0	0	0	0	0	0	0	120	0	0	0	0	0	1	12	0	0	0	0	0	0	0	0	0	0	0	0	0	0	0	0	0	0	0	1	0	0	0	72	0	0	0	1	0	0	0	0	0	0	0	0	0	0	0	0	0	0	0	0	0	0	0	0	0	0	0	0	0	1	0	0	0	0	0	0	0	0	0	0	0	0	0	0	0	0	0	0	0	0	0	0	0	0	0	0	0	0	0	0	0	0	0	0	0	0
G0312	31	796	0	0	0	0	0	0	88	50	0	44	80	34	156	0	0	0	0	0	1	4	0	0	0	2	3	0	0	52	0	296	0	0	0	0	0	0	0	0	1	0	0	0	0	0	150	0	0	0	0	0	0	20	0	0	0	0	0	146	0	0	0	0	0	0	0	5	0	0	0	0	0	0	0	0	0	0	0	0	0	80	0	0	0	0	0	0	0	0	0	0	0	0	0	0	0	0	0	0	2	0	0	0	0	0	0	0	0	0	0	0	0	0	0	0	1	4	0	0	0	0	0	0	0	0	0	0	0	0	0	0	0	0	8	0	0	1	0	0	0	0	0	0	0	0	0	0	0	0	0	0	0	0	0	0	0	0	0	0	0	0	0	0	0	0	2	0	0	0	0	0	0	0	0	0	0	0	0	0	0	0	0	0	0	0	0	0	0	0	0	0	0	0	0	0	0	0	0	0	0	0	0	0	0	0	0	0
G0321	3	505	0	4	0	0	0	0	111	62	0	24	50	94	0	0	0	0	0	0	30	1	1	0	0	71	118	0	0	2	0	67	26	0	0	0	0	0	0	0	4	0	0	0	0	0	265	0	0	0	0	0	0	2	0	0	0	0	0	241	0	0	0	0	0	0	0	2	2	0	0	0	0	0	0	0	0	0	0	0	0	260	0	0	0	0	0	0	0	0	0	0	0	0	0	0	0	0	0	0	55	0	0	0	0	0	0	2426	0	22	22	0	0	0	0	0	14	79	0	0	0	0	0	0	0	0	0	0	0	0	0	0	0	0	2	0	0	6	0	0	0	0	0	0	0	0	0	0	0	0	0	0	19	0	0	0	0	0	0	0	0	0	0	0	0	0	0	0	0	0	0	0	0	0	0	0	0	0	0	0	0	0	0	0	0	0	0	0	0	0	0	0	0	0	0	0	0	0	0	0	0	0	0	0	0	0	4	0
G0329	95	1	6	67	9	35	26	27	0	185	250	18	11	15	0	27	43	28	3	18	19	7	66	22	12	0	3	30	8	8	26	1	63	0	1	14	11	22	0	25	4	12	4	10	3	8	1	18	2	12	40	11	12	13	5	6	12	1	166	81	55	2	38	15	9	12	53	11	33	12	25	16	2	17	3	6	13	6	5	7	8	32	15	5	8	4	0	14	3	13	1	2	9	1	3	19	0	6	4	2	25	3	6	1	4	6	10	0	8	3	0	4	21	34	2	4	9	40	3	6	0	15	32	0	0	28	14	3	7	1	5	5	2	4	8	10	2	3	29	1	8	0	3	2	0	8	1	7	2	0	12	3	4	83	2	2	45	4	79	13	2	5	2	5	2	0	1	2	4	4	7	1224	1	9	0	0	9	2	23	17	0	0	0	1	14	3	82	8	24	3	27	4	0	7	2	10	5	4	22	10	2	1	8	3	0	2	6	21
G0351	32	46	2	21	0	30	8	6	1376	10	25	8	6	6	0	2	3	16	54	0	51	33	0	0	0	5	3	0	35	3	27	2	79	10	4	0	0	0	0	2	5	0	169	26	0	6	13	0	966	0	8	0	0	4	1	0	0	6	0	73	18	0	15	3	22	0	21	50	3	20	6	0	0	0	0	0	6	4	0	0	1	1	0	2	0	3	2	0	0	0	0	0	0	0	0	0	0	0	0	0	3	0	0	0	0	0	9	0	0	0	44	0	0	0	1	14	2	0	0	0	0	0	0	0	0	0	0	0	0	0	0	23	0	1	1	0	0	0	0	0	0	0	1	0	0	1	0	3	0	0	4	0	0	1	0	3	0	0	10	0	0	3	0	0	0	2	0	0	0	0	0	0	0	0	0	12	0	0	0	1	0	0	4	0	4	0	56	1	22	0	5	0	0	2	0	0	0	3	0	3	0	0	0	0	0	0	0	0
G0372	121	0	9	1	26	17	27	20	0	61	0	69	63	32	2	0	1	6	1	14	14	10	3	0	36	0	42	0	4	37	76	0	39	0	0	22	18	4	0	65	47	41	804	8	45	0	2	18	0	0	44	15	11	21	2	0	6	1	0	19	5	46	40	0	38	3	45	25	1	4	24	2	0	0	8	0	57	17	20	1	0	93	0	2	52	13	0	19	0	58	0	0	0	0	0	0	0	1	7	0	138	0	8	0	7	21	267	4	0	1	1	6	0	0	0	12	11	36	0	0	7	0	26	0	0	8	37	0	0	0	15	0	61	100	13	11	1	60	2	0	0	6	2	1	0	0	0	7	29	0	2	0	32	1	0	15	0	2	0	0	87	0	0	2	0	0	8	8	0	2	8	1	2	5	5	0	0	0	126	0	1	0	75	1	19	0	47	0	5	0	15	0	0	0	4	0	0	17	0	7	12	0	8	42	0	0	31	67
G0375	42	2	10	2	12	24	17	24	136	173	17	91	27	27	0	0	4	2	1	5	77	16	27	18	42	2	15	0	6	13	16	4	31	1	0	9	21	6	0	3	12	0	0	11	1	2	1	79	509	3	32	2	1166	30	0	0	1	9	0	32	3	14	2	2	4	150	58	5	41	23	15	1	0	0	3	0	12	10	45	1	0	144	0	3	0	21	0	10	18	13	0	0	4	0	0	4	0	3	9	0	67	0	5	0	18	11	50	2	1	23	55	1	2	0	0	16	14	115	0	0	0	0	79	0	0	4	16	10	1	0	0	1	24	75	6	10	0	194	18	0	0	1	12	0	0	0	0	2	60	0	13	0	19	5	0	16	0	3	0	2	0	0	0	18	0	0	1	12	2	0	2	0	1	26	22	0	0	0	0	1	4	0	3	5	12	0	10	0	4	0	19	0	0	20	6	0	6	6	92	1	0	0	11	26	0	0	2	6
G0394	42	0	4	42	8	27	42	64	17	118	563	17	7	20	0	126	34	49	19	20	232	5	39	3	20	5	7	1	26	4	11	10	11	10	22	11	17	43	0	13	2	19	304	5	2	7	0	7	1	45	16	20	38	6	3	1	24	12	199	49	12	8	9	21	10	13	61	8	2	8	20	13	76	20	3	54	19	4	8	5	575	15	8	5	10	3	0	18	3	6	1	5	8	4	3	5	0	2	8	1	9	10	3	8	4	3	17	7	8	5	0	3	8	33	77	3	9	9	38	1	4	5	11	1	0	33	18	19	22	5	11	16	5	10	5	18	3	2	34	0	8	8	8	7	1	14	9	5	1	1	9	0	1	257	3	4	0	2	21	11	2	3	10	1	6	30	2	8	20	13	6	63	2	4	3	24	16	1	40	3	0	0	1	9	3	41	43	4	13	6	67	2	0	34	1	5	2	2	0	9	1	0	6	0	0	1	4	1
G0397	46	1	4	140	20	52	45	31	116	122	180	23	13	16	0	67	84	27	1	14	181	5	35	11	24	1	5	3	3	8	8	7	30	9	13	16	22	10	0	22	5	22	399	8	4	13	1	10	132	29	13	59	11	3	2	2	15	8	246	63	21	14	7	16	6	8	36	13	2	19	20	14	53	5	2	148	15	3	5	3	67	16	41	4	5	2	0	17	2	4	1	3	8	0	0	2	0	4	4	20	7	1	8	3	2	8	6	6	2	3	0	2	35	19	248	0	16	11	48	1	3	5	7	0	0	29	13	3	9	6	4	1	5	3	16	22	6	2	41	1	5	0	18	7	0	26	2	8	0	12	18	1	1	102	0	6	5	2	8	6	0	1	0	1	5	41	3	5	10	4	12	1	2	2	3	52	5	1	16	6	2	0	4	22	6	1	27	7	16	7	39	15	2	14	1	10	1	14	1	4	1	3	27	0	0	4	2	0
G0505	42	0	19	28	22	14	24	38	572	93	267	26	12	28	0	0	28	8	2	36	282	4	4	12	61	2	52	0	18	8	5	2	14	3	3	37	37	2	1	31	5	36	6	13	21	31	0	40	0	11	14	82	58	11	15	30	65	16	0	17	18	5	4	9	40	2	64	2	33	8	66	55	0	3	6	1	1	19	10	4	0	16	16	2	8	26	1	7	1	18	2	10	7	0	4	0	0	5	11	14	30	20	11	9	11	6	32	1	19	13	22	2	39	0	0	49	24	18	0	2	0	0	67	3	0	58	5	1	38	2	24	11	15	0	13	38	2	36	53	6	213	0	0	2	0	2	1	7	9	0	49	12	6	51	0	0	72	2	14	64	12	0	2	6	3	0	2	8	0	2	13	0	4	2	25	246	0	2	0	1	4	10	26	23	4	4	40	4	5	0	13	15	0	4	27	6	15	2	35	5	10	0	2	25	0	0	2	28
G0509	48	1	2	40	27	14	70	7	384	218	252	26	16	12	1	0	42	18	1	20	870	2	18	8	24	3	15	1	15	5	12	11	22	5	225	17	19	0	2	38	6	14	0	8	3	51	5	3	0	18	8	38	30	18	2	19	56	12	0	37	121	6	0	36	13	4	128	7	6	12	107	33	0	5	7	0	12	15	7	5	0	23	19	0	8	19	4	12	0	8	1	2	4	0	6	0	0	5	8	0	19	4	4	14	1	5	11	2	13	11	533	0	16	1	0	14	13	9	0	4	2	0	7	0	0	16	9	2	41	0	8	7	3	2	16	16	3	38	25	1	0	0	25	0	0	3	3	5	0	0	1	0	5	20	0	12	3	6	75	31	3	1	4	4	5	0	6	2	1	0	5	0	0	2	4	0	0	1	0	1	1	5	8	46	21	0	178	6	9	0	18	2	5	109	6	10	0	3	10	7	7	0	5	4	0	0	0	0
G0518	49	1	1	249	6	11	138	7	256	229	155	17	13	4	1	0	48	6	0	10	837	4	21	12	17	10	20	0	35	12	6	12	42	7	173	2	4	0	0	14	1	0	7	13	4	29	28	2	0	53	14	31	0	12	3	4	48	12	0	50	56	3	0	18	2	6	36	6	0	13	114	24	0	0	4	0	2	10	1	1	0	76	14	1	0	21	10	1	0	4	2	4	1	0	1	1	0	1	5	0	9	16	1	4	2	2	2	2	22	8	463	0	22	0	0	13	6	6	0	10	5	0	7	0	0	2	1	1	72	1	1	2	1	4	20	4	1	9	7	3	0	0	5	38	0	7	0	2	0	0	0	0	1	5	0	11	2	2	125	40	1	1	2	1	1	0	8	2	12	0	3	0	0	0	4	0	0	0	0	0	3	0	10	66	38	0	92	7	9	2	6	1	1	92	0	16	0	5	2	16	6	1	12	9	0	0	0	0
G0522	65	0	2	425	3	14	115	12	245	418	186	47	31	50	3	0	35	2	2	40	415	3	22	16	12	24	20	1	60	37	78	8	74	14	1	10	10	0	0	94	0	1	88	35	6	9	26	0	0	31	45	9	3	18	17	14	7	38	0	52	119	4	0	39	32	5	86	6	5	10	14	25	0	1	21	0	3	13	12	1	0	94	2	0	2	11	117	11	0	1	0	1	3	0	3	10	0	4	14	0	15	2	2	35	3	2	16	0	143	59	6	0	4	0	0	44	38	7	0	0	0	0	4	0	0	8	1	0	30	0	0	2	4	5	19	7	11	64	15	2	3	0	0	0	0	5	2	6	1	0	2	0	7	8	0	0	18	12	167	114	12	4	13	2	0	0	2	10	3	0	3	0	0	0	2	0	0	0	0	1	3	0	6	46	30	0	74	3	9	3	18	0	1	48	0	7	0	3	40	12	14	8	2	2	0	0	0	3
G0525	72	2	32	165	0	31	57	11	650	554	81	71	25	54	1	0	57	12	6	44	454	4	34	37	13	39	12	5	15	9	163	11	30	12	0	8	11	1	0	14	0	32	78	29	14	6	38	0	2	22	28	8	0	12	6	19	13	56	0	47	31	1	0	35	11	6	58	5	0	17	14	9	0	14	19	0	9	8	12	0	0	79	0	1	0	6	110	2	1	3	0	2	2	0	3	1	0	8	8	19	18	0	0	26	0	2	12	1	48	13	32	0	3	0	0	23	51	8	0	0	0	0	2	0	0	4	1	0	32	0	0	2	8	4	20	9	14	72	8	0	6	0	0	2	0	2	6	8	0	0	2	0	3	18	0	0	4	14	107	1	8	0	58	1	6	0	4	7	1	0	6	0	0	1	2	0	0	0	0	1	2	0	6	34	29	0	83	0	10	1	21	0	1	38	0	0	0	15	26	10	7	8	7	2	0	0	0	0
G0529	53	0	7	137	1	10	98	12	1500	120	79	31	34	18	3	0	72	15	9	14	478	1	20	2	9	36	12	1	24	5	62	5	24	36	0	4	8	4	4	2	5	162	408	50	10	3	190	1	486	4	12	3	0	15	4	2	11	19	0	36	69	3	3	17	10	1	59	0	0	9	5	8	0	25	12	0	3	2	10	1	0	41	0	3	0	1	95	0	1	0	3	2	2	0	1	0	0	5	3	14	10	6	0	12	0	1	6	2	6	3	59	0	2	0	0	15	20	4	0	1	1	0	1	0	0	2	0	0	6	0	0	0	5	0	6	9	14	29	4	0	4	0	0	1	0	7	4	2	1	0	5	0	0	25	0	4	0	9	10	0	4	0	33	0	0	0	2	2	0	0	1	0	0	2	0	118	0	0	0	0	2	0	20	19	5	0	28	0	3	0	14	0	0	15	0	0	0	11	4	6	1	2	8	3	0	0	0	0
G0546	35	0	5	9	7	23	70	15	0	25	309	20	8	37	2	3	6	48	6	36	8	1	39	11	6	1	0	9	82	2	10	2	3	0	1	4	5	30	0	0	2	6	227	3	8	5	0	0	25	5	53	17	1	1	2	1	7	9	298	19	24	1	5	42	1	6	149	5	32	32	1	3	0	2	11	11	12	6	4	11	19	28	0	0	0	1	0	21	0	6	0	1	25	3	2	12	0	3	2	39	4	18	3	2	2	3	5	3	3	21	0	2	5	15	2550	78	12	15	15	0	0	1	0	13	364	12	8	0	2	4	8	5	2	0	3	0	4	0	0	3	0	0	13	5	158	1	0	3	4	0	2	3	1	40	0	5	4	3	3	7	7	3	21	4	1	306	2	2	2	15	0	0	0	2	4	803	10	7	5	0	0	7	0	6	1	0	104	0	15	24	30	2	1	1	0	5	1	5	0	6	3	0	1	0	0	0	0	0
G0551	49	0	3	6	21	44	18	10	0	129	41	48	8	27	4	28	16	13	17	33	0	2	80	46	6	1	0	12	130	5	24	1	8	0	0	16	3	26	0	4	6	1	237	12	34	8	0	1	0	72	81	34	0	1	2	1	11	17	794	35	30	5	6	4	5	4	128	2	65	20	0	0	0	2	48	1	18	8	10	10	0	59	0	0	8	1	0	2	6	3	3	10	6	28	0	12	0	4	0	40	14	51	7	3	4	11	56	0	7	4	0	2	4	59	0	100	8	8	205	2	13	37	0	8	0	63	2	7	0	3	24	36	3	0	2	5	1	0	0	4	8	0	12	9	1	4	4	6	9	344	6	10	6	5	13	8	4	9	0	2	52	27	82	7	0	0	13	8	1	25	0	0	0	23	4	66	17	1	10	0	0	5	0	0	5	75	89	5	16	1	8	11	7	0	5	0	18	3	0	17	4	1	4	0	0	1	0	0
G0555	78	0	332	16	62	73	36	16	0	74	10	50	12	85	0	0	4	15	41	57	0	2	27	12	5	0	0	26	80	7	67	0	25	0	0	40	4	28	0	0	18	0	0	33	6	7	0	4	0	70	77	28	0	0	6	9	34	24	0	47	12	6	4	5	14	10	150	0	24	13	0	0	0	0	24	3	37	13	16	10	0	56	0	0	12	1	0	3	50	4	26	8	12	0	5	5	0	4	0	0	30	20	15	0	0	12	25	0	17	10	0	8	6	59	1	131	18	13	0	11	1	99	0	7	0	75	14	46	0	1	16	30	28	7	7	9	0	0	0	104	27	0	22	63	0	1	0	11	10	0	30	2	7	9	9	6	4	26	9	57	53	12	7	7	5	0	4	20	25	18	0	0	0	31	9	41	14	2	0	3	0	2	0	0	13	4	14	3	27	0	28	7	21	0	5	0	15	5	0	28	42	0	1	0	0	0	1	0
G0559	80	1	19	6	61	61	27	10	0	168	3	60	1	71	3	0	0	1	0	25	0	6	36	43	1	0	0	0	22	1	27	0	18	0	0	37	0	0	0	0	0	0	0	10	11	0	0	0	0	4	99	14	2	1	3	3	0	8	3227	76	0	24	4	14	8	2	34	0	94	20	0	0	0	0	28	0	10	0	16	1	0	113	0	0	0	1	0	1	10	3	48	13	5	0	0	14	0	0	0	0	21	86	35	1	11	1	13	0	28	20	0	9	3	28	0	22	1	8	0	3	3	5	0	19	1	30	9	8	0	6	13	29	20	10	14	23	0	0	0	0	2	0	0	1	0	7	0	15	0	0	2	0	5	0	1	25	0	13	0	6	1	0	0	3	0	0	13	10	2	1	0	0	0	17	0	0	12	0	0	2	0	0	0	0	5	78	192	2	20	0	11	2	1	0	0	2	40	2	0	64	40	0	0	0	0	0	0	0
G0564	118	4	0	15	48	92	13	33	0	129	8	76	1	225	0	0	0	42	1	49	0	4	56	38	4	0	0	0	81	0	65	0	1	0	0	127	7	1	0	0	3	0	0	29	24	0	0	0	0	21	70	35	10	1	3	2	1	32	401	23	0	10	0	50	16	7	186	0	109	25	0	0	0	0	62	0	8	4	58	13	0	74	2	0	1	2	0	1	5	9	244	30	36	0	0	0	0	6	0	0	44	1	62	1	10	7	13	0	113	16	0	23	3	42	0	104	12	17	0	2	26	36	0	16	0	74	43	5	0	0	6	72	39	4	10	65	0	0	0	0	29	0	0	4	0	0	3	12	5	168	9	0	4	7	0	27	1	32	1	3	4	0	0	7	3	0	3	65	10	2	0	0	0	23	3	0	33	5	0	4	0	3	0	0	0	152	52	12	30	0	67	3	8	0	4	4	23	1	0	99	5	0	0	0	0	0	0	0
G0567	55	12	44	10	41	109	29	21	0	378	0	48	1	81	0	0	0	4	19	27	0	4	121	240	10	0	0	0	38	0	9	0	5	0	0	55	0	0	0	0	0	0	0	4	15	0	5	0	0	23	66	14	0	0	7	0	3	24	2275	68	0	13	19	44	21	11	94	0	163	38	0	0	0	0	27	0	6	0	29	0	0	126	0	0	0	0	0	0	0	0	0	0	34	0	0	0	0	0	0	0	39	6	27	0	21	19	0	0	43	12	0	5	0	24	0	50	0	15	0	7	11	16	0	10	0	44	39	12	0	2	0	31	10	8	27	50	0	0	0	0	0	0	0	0	0	0	0	11	0	0	53	0	6	0	0	7	0	62	15	0	10	0	0	1	0	0	18	8	2	0	0	0	0	32	0	0	4	0	0	0	0	34	0	0	0	0	532	6	84	0	44	13	9	0	10	0	0	0	0	100	1	0	0	0	0	0	0	0
G0571	143	1	13	43	71	47	22	45	0	578	9	106	1	123	3	0	0	5	4	34	0	2	54	82	12	0	0	3	226	3	43	0	2	0	0	161	7	14	0	19	6	1	0	21	99	0	0	0	0	9	109	34	13	6	0	4	5	0	0	41	1	0	1	16	34	6	147	0	75	40	0	0	0	0	35	0	1	2	40	5	0	74	4	0	1	5	0	8	0	10	4	21	14	2	0	45	0	12	0	0	60	1	45	29	54	17	14	13	20	45	0	6	4	30	0	172	10	34	0	4	2	0	0	43	0	53	15	0	0	0	28	31	12	4	37	70	0	0	0	0	82	0	0	0	0	5	0	15	10	0	1	0	6	6	0	55	4	33	0	35	9	0	0	43	2	389	2	37	12	0	0	0	0	26	12	0	41	3	0	0	0	33	0	0	7	4	31	3	38	0	31	9	6	0	25	16	35	11	0	53	13	0	0	0	0	3	2	0
G0576	64	1	0	22	158	56	44	25	0	562	50	72	12	24	0	0	2	7	1	16	2	2	18	155	4	1	0	0	29	8	102	20	15	0	5	58	5	6	0	96	10	8	0	36	150	2	4	0	0	83	58	41	18	4	6	4	28	71	0	38	0	9	1	17	19	12	107	20	38	38	6	0	23	0	12	0	17	10	22	28	2	23	1	3	20	8	0	13	3	23	96	16	31	21	6	32	0	5	0	0	30	15	46	9	66	18	25	82	80	47	0	7	18	72	0	47	14	39	0	0	3	50	9	6	0	36	11	4	0	1	38	10	13	2	9	48	3	0	0	18	0	0	35	5	0	1	0	10	5	0	125	2	16	20	0	14	1	13	3	10	30	0	0	3	3	0	1	10	38	4	0	0	0	48	11	0	25	22	0	0	0	128	0	3	2	3	165	4	20	0	34	10	2	0	5	6	52	6	0	48	4	0	0	0	0	2	3	0
G0581	84	0	32	59	5	27	30	40	0	252	3	44	4	63	0	0	3	3	11	33	0	3	16	28	18	0	0	44	158	8	93	0	10	0	0	103	39	3	0	3	1	2	0	41	88	1	0	2	0	27	98	75	4	12	18	17	38	12	1	40	2	15	5	5	43	3	57	1	576	26	48	2	0	0	27	0	21	29	27	15	0	63	9	40	47	23	1	5	2	63	116	32	2	28	8	40	0	26	0	0	60	36	47	16	16	14	33	35	49	2	0	14	26	16	0	253	11	26	0	4	2	45	23	32	0	143	7	30	0	4	30	27	39	7	17	99	8	2	4	1	9	0	0	36	0	2	0	5	21	0	32	10	22	4	0	8	10	13	12	32	76	0	0	19	21	0	3	13	10	0	15	0	0	32	7	0	21	14	0	0	3	38	0	0	2	8	10	1	9	0	14	24	13	0	73	24	37	5	0	27	47	0	0	0	0	22	4	2
G0585	70	0	3	39	0	26	42	28	0	312	1	37	6	29	0	0	2	2	1	22	0	3	23	34	40	0	0	96	55	8	64	0	6	0	0	82	32	4	0	24	7	6	0	19	46	1	0	6	0	24	87	81	15	17	35	8	10	13	788	20	2	9	1	6	34	4	61	15	317	21	46	11	0	0	15	0	10	37	9	30	0	45	16	59	77	21	0	2	2	34	136	10	2	22	18	42	0	14	6	0	52	45	27	6	27	11	23	14	40	0	0	11	22	8	0	101	9	29	0	2	2	11	82	35	0	107	5	18	0	3	39	13	10	18	21	90	8	5	5	5	2	0	0	5	0	1	1	14	15	0	25	15	22	5	4	8	6	17	1	38	70	0	0	9	17	0	6	2	10	0	25	0	6	48	5	435	14	6	0	0	78	36	0	6	1	5	48	3	12	0	12	24	3	0	30	10	16	5	0	27	58	0	0	3	0	2	5	13
G0591	74	0	3	46	4	28	33	29	0	225	18	34	10	58	0	1	4	13	4	32	10	0	30	55	36	0	0	27	54	8	44	0	17	1	0	49	57	7	0	67	16	27	183	22	57	0	0	10	0	16	37	194	42	27	17	4	10	16	0	18	1	7	4	11	20	2	56	2	239	16	48	15	0	2	2	0	13	44	14	31	0	36	13	26	17	11	0	3	1	32	17	2	4	38	12	11	0	25	14	16	52	32	20	16	16	15	50	51	49	4	0	0	21	8	0	61	13	37	0	4	0	100	61	30	0	121	9	5	0	1	59	4	16	188	5	89	9	3	11	7	8	0	0	14	0	0	0	12	16	0	20	8	12	13	0	10	20	7	79	59	10	0	0	15	23	0	7	7	5	9	21	377	45	17	10	278	6	3	0	2	79	47	2	23	3	23	99	4	9	0	24	18	8	3	22	8	36	3	0	13	17	0	0	0	0	3	3	9
G0595	81	0	2	75	0	26	33	34	0	213	10	26	8	56	2	0	2	7	2	35	0	1	45	53	42	0	0	0	45	6	43	0	28	0	0	59	31	29	0	46	13	20	79	15	14	1	1	16	0	58	41	106	102	11	28	16	29	2	1	18	6	5	5	8	16	6	56	0	140	8	58	24	0	0	10	0	5	22	15	23	0	37	6	11	30	26	0	4	1	38	51	3	5	26	3	61	0	18	16	0	49	6	22	12	26	2	34	5	38	2	0	4	38	20	0	91	11	38	0	2	1	52	76	27	0	103	8	7	0	0	50	16	8	22	12	46	13	16	21	6	71	0	0	1	0	0	9	7	33	0	11	16	16	15	2	9	54	8	34	23	4	0	0	10	14	0	7	8	2	7	20	0	15	12	10	96	14	4	0	0	5	23	4	19	4	58	50	5	7	0	24	29	8	2	14	10	54	5	4	28	24	0	0	3	0	16	4	15
G0598	28	0	5	66	8	8	36	11	0	236	10	19	3	18	0	0	5	5	0	30	5	1	22	51	33	0	0	20	32	0	27	1	26	0	0	31	18	11	0	20	3	2	0	6	21	3	0	14	1	35	10	69	34	8	6	7	16	2	2242	14	9	7	9	2	17	0	31	1	117	16	32	22	0	4	3	0	3	8	7	5	0	21	9	5	8	6	0	0	2	28	4	2	1	9	2	12	0	6	6	136	28	8	13	0	5	2	15	3	11	2	0	1	20	4	0	22	11	12	1068	2	0	10	23	13	0	50	4	2	0	1	24	6	11	2	18	25	20	9	13	22	45	0	0	1	0	0	0	1	16	0	12	14	8	4	0	2	76	2	2	3	3	0	0	5	5	0	16	4	6	5	20	0	7	6	10	377	4	8	0	0	6	0	12	7	7	56	97	9	6	0	14	18	7	3	5	12	36	20	10	11	6	0	3	5	0	23	0	8
G0602	64	0	20	56	4	33	43	20	0	351	30	21	6	29	1	0	8	11	2	45	4	6	20	22	44	0	1	9	25	13	40	1	10	0	0	41	16	33	0	49	2	3	0	20	13	4	0	16	1	36	55	86	54	19	8	5	18	8	1504	24	3	9	4	4	8	3	33	10	38	20	54	23	0	3	10	0	6	12	10	10	1	29	27	3	7	13	0	3	4	67	3	0	1	14	4	4	0	10	15	2	24	3	25	3	7	4	25	9	27	7	0	6	47	5	0	25	16	30	57	4	0	2	79	12	0	48	5	6	0	0	25	19	13	1	12	25	30	22	25	14	46	0	0	5	0	1	3	13	18	0	17	9	10	9	2	10	55	7	3	7	6	0	0	9	5	0	6	5	12	9	13	0	4	14	8	78	2	6	0	1	0	0	24	6	5	100	24	3	9	0	10	13	3	4	6	9	37	9	16	19	2	1	0	28	0	2	3	34
G0604	56	0	3	45	5	12	22	13	0	203	44	29	6	20	0	1	5	8	0	42	2	3	17	22	31	1	3	4	29	5	15	0	11	0	0	43	24	23	0	40	9	5	12	6	14	3	2	17	0	32	26	102	34	9	8	6	17	2	1532	14	1	6	6	3	15	2	35	7	25	18	40	23	0	0	7	0	4	10	12	8	2	32	26	5	8	12	0	2	3	50	2	0	2	10	3	11	0	11	16	18	34	10	20	8	15	5	20	12	25	9	0	7	61	3	0	24	14	23	372	4	2	8	53	10	0	49	2	0	0	0	5	6	13	1	10	21	17	14	30	25	67	0	0	8	0	0	3	12	10	0	13	4	4	11	0	12	29	4	5	11	3	0	0	4	16	0	3	4	12	8	14	0	4	6	3	232	4	8	0	3	0	2	22	6	2	24	20	5	6	0	12	14	6	2	4	14	40	5	9	12	2	2	0	31	0	5	4	22
G0608	62	0	22	40	2	12	21	15	17	192	27	19	6	17	0	1	12	9	0	33	8	2	22	17	24	0	0	22	15	6	26	1	8	0	0	25	18	21	0	25	5	3	28	11	17	2	1	22	0	33	36	43	58	17	12	6	10	6	0	16	4	8	3	1	20	6	40	8	41	9	75	16	0	1	4	0	4	8	8	8	3	21	12	2	16	11	0	1	2	45	2	1	1	2	3	4	0	8	8	25	35	4	15	6	7	7	34	0	28	8	0	12	32	2	0	26	6	20	0	6	1	4	92	14	0	29	5	1	0	1	30	24	12	1	15	20	9	16	18	11	72	0	0	1	0	1	6	6	11	37	22	15	8	10	1	12	68	2	6	19	10	0	0	6	4	0	5	2	6	8	10	2890	2	13	8	0	1	8	304	0	1	0	27	4	2	46	14	6	6	0	16	10	4	1	7	12	34	4	23	17	0	0	0	35	0	1	13	25
G0613	64	1	4	61	0	21	28	21	8	271	57	32	12	32	0	0	13	13	7	56	39	6	24	18	43	0	10	2	6	12	34	0	8	1	0	45	34	22	0	11	1	12	383	19	26	2	1	14	1	42	31	70	88	14	19	17	24	4	44	22	4	6	2	4	30	4	71	18	36	19	69	17	0	1	13	0	6	16	13	14	1	21	31	5	11	14	0	4	1	24	0	1	1	0	15	18	0	11	10	3	42	12	33	92	15	8	48	1	43	10	0	21	32	0	0	32	27	22	240	4	0	2	75	17	0	55	9	2	0	0	33	17	14	6	15	38	18	42	33	5	168	0	0	9	0	1	16	10	12	0	47	13	5	11	12	10	104	3	4	75	31	0	0	5	3	112	4	10	7	6	17	1	4	25	5	0	0	8	90	1	0	8	40	11	0	8	30	12	10	0	30	13	0	0	19	15	16	8	22	9	0	0	2	41	0	0	12	24
G0626	18	0	1	99	7	4	19	42	464	100	190	4	4	5	0	0	18	3	3	13	146	1	1	32	69	2	27	0	11	6	10	1	13	0	2	18	5	20	0	42	0	35	1339	14	30	32	2	87	0	20	5	125	68	11	6	4	33	16	0	10	7	8	4	5	7	5	39	2	22	11	107	52	0	1	6	0	0	27	3	2	0	4	6	2	1	44	0	4	1	47	0	9	3	0	5	6	0	2	18	0	6	8	8	2	4	1	27	1	19	6	0	0	52	0	0	58	9	24	0	2	2	0	99	13	0	21	2	1	6	2	52	22	7	2	8	6	12	32	27	12	218	0	0	2	0	22	1	1	25	0	19	40	13	63	0	0	210	2	0	61	7	0	0	4	4	0	1	4	1	6	1	0	6	2	21	0	0	1	0	1	2	48	38	34	2	2	4	1	1	0	7	22	0	0	24	1	23	7	76	6	25	0	2	29	0	0	1	14
G0646	45	2	2	193	105	30	8	1	3	105	56	3	2	3	6	98	237	24	6	6	26	7	28	3	4	16	2	2	7	37	0	10	51	2	16	4	1	7	3	8	0	7	26	0	1	1	0	4	78	8	4	2	16	7	10	0	0	2	88	246	9	12	9	5	4	5	13	2	1	4	5	2	14	2	1	177	6	0	0	1	217	1	0	0	1	0	0	0	0	0	0	0	0	0	0	2	0	0	1	14	2	0	0	0	2	0	1	0	0	0	0	0	1	4	0	0	4	2	15	0	12	0	1	0	0	0	2	2	5	48	0	1	0	6	2	0	1	1	0	0	5	6	4	0	0	215	0	1	0	0	0	0	0	24	4	6	0	0	0	0	0	17	8	0	0	12	2	0	0	4	1	0	0	0	0	0	4	0	3	1	0	0	0	10	2	0	58	0	8	59	14	0	0	0	0	0	0	5	0	0	0	5	10	1	0	0	0	0
G0667	11	0	2	38	8	8	5	1	10	8	5	1	0	0	0	14	108	4	4	0	1	0	7	0	0	0	0	1	0	2	0	0	31	1	0	1	0	0	0	0	0	3	7	0	0	0	0	0	2	0	2	0	0	0	0	0	0	0	11	117	4	33	23	0	1	6	1	1	0	2	1	0	0	0	0	58	1	0	0	0	0	26	0	0	0	0	0	0	1	0	0	0	0	0	0	1	0	0	0	0	2	0	0	0	0	0	0	0	0	0	0	0	0	0	0	0	0	1	0	0	6	0	0	0	0	0	0	0	0	4	0	0	0	0	2	0	0	0	2	0	1	0	0	1	0	35	0	1	0	0	1	0	0	1	0	0	0	0	6	0	1	11	1	0	0	2	2	0	0	0	0	84	0	1	0	0	0	0	8	3	0	0	0	0	4	0	4	0	0	112	1	0	0	0	0	1	0	1	0	0	0	0	7	0	0	0	0	0
G0683	42	8	15	255	12	63	83	13	136	249	134	127	11	9	2	1	194	38	1	12	155	11	24	3	21	52	4	26	9	48	3	84	24	51	121	4	5	4	0	6	2	11	102	2	11	44	4	0	51	5	29	27	1	17	7	5	32	24	0	196	13	3	3	28	4	17	98	80	0	32	61	11	103	18	5	42	29	3	8	5	711	32	6	3	20	2	0	2	5	1	0	1	5	0	6	0	0	1	4	4	4	2	1	9	0	5	8	3	0	0	1	4	13	11	0	27	24	5	2	0	0	0	2	0	0	0	1	0	9	92	0	0	1	0	11	4	0	5	16	0	5	14	6	2	0	149	0	9	0	0	2	0	1	55	0	5	0	2	2	1	0	14	70	0	0	40	19	3	14	1	3	0	17	20	0	8	2	0	1	8	0	0	4	14	16	0	25	6	14	13	39	2	0	83	0	6	0	13	0	5	2	2	41	9	0	0	0	0
G0687	17	3	4	737	76	11	3	1	290	27	9	5	2	1	2	0	467	1	2	0	7	10	17	0	0	10	1	0	1	8	0	10	96	2	9	0	0	0	0	2	2	4	0	0	1	1	0	0	8	4	11	0	0	2	1	0	2	2	26	547	27	18	3	1	0	50	3	2	0	0	2	0	6	0	0	114	1	0	0	0	35	3	1	0	0	0	0	0	1	0	0	0	0	0	2	0	0	0	0	0	0	0	0	0	1	0	1	8	0	0	1	0	1	1	0	1	0	0	164	0	3	0	0	0	0	0	0	0	2	235	0	0	0	0	1	0	0	0	2	0	0	0	0	0	4	364	1	3	0	0	0	0	0	2	0	0	0	0	1	0	0	22	1	0	0	21	34	0	2	0	0	0	4	0	0	0	0	0	0	19	0	0	1	2	33	0	113	0	2	30	2	0	0	3	0	0	0	2	0	0	0	3	4	1	0	0	0	0
G0700	82	103	92	13	0	23	179	30	576	239	10	242	73	32	15	3	0	1	1	10	112	16	16	0	1	16	58	0	74	30	18	4	44	118	0	0	10	2	0	0	80	30	3	67	0	2	76	0	0	2	15	0	0	18	4	5	17	0	0	50	36	1	0	87	9	3	226	14	3	6	2	2	0	2	9	0	0	4	4	0	0	46	0	0	0	5	448	0	0	0	0	0	1	0	0	0	0	3	1	0	42	0	0	0	0	20	1	0	0	1	82	12	0	0	0	82	21	18	0	0	1	0	1	0	0	0	4	0	2	0	0	2	28	3	3	2	0	35	6	0	456	0	0	0	0	0	2	2	38	0	0	0	14	102	0	58	10	4	0	0	0	0	20	5	0	0	0	1	0	0	0	0	0	0	2	20	0	0	0	0	6	0	6	26	0	0	105	0	26	0	82	0	2	28	0	0	0	0	0	4	0	0	10	14	0	0	4	1
G0702	82	162	0	4	0	2	7	3	714	39	110	50	30	13	131	0	1	0	10	4	1	16	10	0	0	2	20	0	146	2	270	0	2	36	0	0	0	2	0	0	26	4	132	27	3	1	274	0	0	1	0	0	0	11	1	0	0	0	0	42	80	0	58	0	0	0	4	7	0	1	0	0	0	0	1	0	0	6	0	0	0	26	0	0	1	0	401	0	0	0	0	0	0	0	0	0	0	0	17	0	5	0	0	0	0	0	1	0	0	26	4	0	0	0	0	182	6	2	0	0	0	0	0	0	0	0	1	4	0	0	0	0	0	3	4	0	0	1	0	0	4	0	0	0	0	0	0	0	18	0	0	0	3	0	0	0	0	1	0	0	0	0	2	0	0	0	4	0	0	0	0	0	4	0	6	2	0	0	0	0	1	0	0	0	0	0	8	0	10	0	2	0	0	0	0	0	0	9	0	1	0	0	2	10	0	0	0	0
G0704	28	154	0	2	0	0	10	2	1108	4	202	45	74	34	73	0	4	0	0	3	2	5	0	0	0	2	86	0	364	1	126	0	0	83	0	1	0	2	1	0	44	17	33	8	6	10	142	0	0	0	0	0	0	25	0	0	0	0	0	15	118	0	201	0	0	0	0	2	0	0	0	0	0	0	0	0	0	7	0	0	0	19	0	0	0	0	821	0	0	0	0	0	0	0	0	0	0	0	38	0	12	0	0	0	0	0	0	1	0	54	10	0	0	0	0	535	10	8	0	0	0	0	0	0	0	0	4	0	0	0	0	0	0	0	14	0	0	1	0	0	0	0	0	0	0	0	0	0	11	0	0	0	1	0	0	0	0	0	0	0	0	0	0	0	0	0	4	0	0	0	0	0	18	0	14	1	0	0	0	0	8	0	0	0	0	0	0	0	10	0	1	0	0	0	0	0	0	34	0	0	0	0	1	43	0	0	0	0
G0706	60	456	0	0	0	0	10	1	1438	12	148	26	94	39	88	0	4	0	0	1	0	20	0	0	0	1	44	0	305	0	48	0	1	122	0	0	0	3	0	0	43	14	0	1	25	0	189	0	0	0	0	0	0	31	0	0	0	0	0	10	92	0	146	0	0	0	1	2	0	0	0	0	0	0	0	0	0	14	0	0	0	40	0	0	0	0	743	0	0	0	0	0	0	0	0	0	0	0	82	0	16	0	0	0	0	0	0	4	0	104	0	0	0	0	0	455	30	10	0	0	0	0	0	0	0	0	2	0	0	0	0	0	0	0	22	0	0	1	0	0	0	0	0	0	0	0	0	0	16	0	0	0	0	0	0	0	0	0	0	0	0	0	0	0	0	0	6	0	0	0	0	0	17	0	18	10	0	0	0	0	16	0	0	0	0	0	0	0	2	0	1	0	0	0	0	0	1	30	0	0	0	0	1	14	0	0	0	0
G0710	46	96	0	0	0	1	1	0	1006	96	8	32	136	39	48	0	0	0	1	0	0	5	0	0	0	0	16	0	260	0	284	0	0	93	0	1	0	0	0	0	4	2	5	0	17	0	184	0	0	0	0	0	0	18	0	0	0	0	0	56	87	0	8	0	0	0	0	1	0	2	0	0	0	0	0	0	0	1	0	0	0	41	0	0	0	0	452	0	0	0	0	0	0	0	0	0	0	0	133	0	22	0	0	0	0	1	0	60	0	196	0	0	0	0	0	106	55	25	0	0	0	0	0	0	0	0	1	0	0	0	0	0	0	0	10	0	0	1	0	0	0	0	0	0	0	0	0	0	0	0	0	0	0	0	0	0	0	0	0	0	0	0	0	0	0	0	8	0	0	0	0	0	0	0	0	0	0	0	0	0	20	0	0	0	0	0	0	0	0	0	0	0	0	0	0	0	0	13	0	0	0	0	0	2	0	0	0	0
G0712	34	68	0	0	0	0	0	0	1238	95	22	17	82	20	81	0	0	0	7	1	0	16	0	0	0	0	5	0	266	0	56	0	0	62	0	2	0	1	0	0	2	4	0	0	4	0	172	0	0	0	0	0	0	11	0	0	0	0	0	32	70	0	18	0	0	0	0	4	0	0	0	0	0	0	0	0	0	0	0	0	0	22	0	0	0	0	280	0	0	0	0	0	0	0	0	0	0	0	42	0	14	0	0	0	0	0	0	46	0	78	0	0	0	0	0	156	22	10	0	0	0	0	0	0	0	0	0	0	0	0	0	0	0	0	6	0	0	0	0	0	0	0	0	0	0	0	0	0	0	0	0	0	0	0	0	0	0	0	0	0	0	0	0	0	0	0	12	0	0	0	0	0	0	0	0	6	0	0	0	0	2	0	0	0	0	0	0	0	0	0	0	0	0	0	0	0	1	6	0	0	0	0	0	0	0	0	0	0
G0714	216	281	0	10	0	0	0	0	174	474	5	49	88	74	660	0	0	0	3	2	1	62	0	0	0	0	0	0	8	0	2	0	0	45	0	1	0	0	0	0	0	3	0	0	0	0	458	0	0	0	0	0	0	6	0	0	0	0	1	38	2	0	18	0	0	0	0	34	0	0	0	0	0	0	0	0	0	0	0	0	0	56	0	0	0	0	431	0	0	0	0	0	0	0	0	0	0	0	46	0	2	0	0	0	0	1	0	3	0	1	0	0	0	0	0	0	29	0	0	0	0	0	0	0	0	0	4	0	0	0	0	1	0	0	14	0	0	0	0	0	0	0	0	0	0	0	0	0	0	0	0	0	0	0	0	0	0	0	0	0	0	0	0	0	0	0	6	0	0	0	0	0	0	0	0	0	0	0	0	0	0	0	0	0	0	0	0	0	0	0	0	0	0	0	0	0	0	12	0	0	0	0	0	0	0	0	0	0
G0730	50	168	0	0	2	0	7	2	1512	76	90	52	34	26	88	0	1	0	2	2	0	10	1	0	0	2	47	0	113	10	104	0	0	112	0	0	0	0	0	0	20	30	0	0	8	0	276	0	0	0	0	0	0	10	0	0	0	0	0	9	17	0	102	0	0	0	0	2	0	0	0	0	0	0	0	0	0	16	0	0	0	22	0	0	0	0	556	0	0	0	0	0	0	0	0	0	0	0	48	0	25	0	1	0	0	0	0	85	0	84	0	0	0	0	0	60	22	44	0	0	0	0	0	0	0	0	0	0	0	0	0	1	0	0	6	3	0	2	0	1	0	0	0	0	0	0	0	0	6	0	0	0	0	0	0	0	0	0	0	0	0	0	0	0	0	0	12	0	0	0	0	0	7	0	54	84	0	0	0	0	32	0	0	0	0	0	0	0	2	0	0	0	0	0	0	0	0	18	0	0	0	0	0	30	0	0	0	0
G0733	406	88	0	7	0	1	0	0	1788	300	0	4	25	4	548	0	0	0	124	1	0	46	3	0	0	0	1	0	23	0	2	0	0	8	0	0	0	0	0	0	0	8	2	2	0	0	92	0	0	0	0	0	0	4	0	0	4	0	1	22	0	0	25	0	0	0	0	5	0	0	0	0	0	0	0	0	0	0	0	0	0	103	0	0	0	0	216	0	0	0	0	0	0	0	0	0	0	0	26	0	1	0	0	0	0	0	0	30	0	2	0	0	0	0	0	0	2	0	0	0	0	0	0	0	0	0	7	0	0	0	0	10	0	0	5	0	0	0	0	0	0	0	0	0	0	0	0	0	0	0	0	0	0	0	0	0	0	0	0	0	0	0	0	0	0	0	2	0	0	0	0	2	0	0	0	0	0	0	0	0	0	0	0	0	0	0	0	0	0	0	0	0	0	0	0	0	0	2	0	0	0	0	0	0	0	0	0	0
G0736	145	1330	0	24	0	0	0	0	0	78	10	72	48	2	36	0	0	0	0	0	0	46	0	0	0	0	1	0	4	0	0	0	0	0	0	0	0	0	0	0	0	0	0	0	0	0	176	0	0	0	0	0	0	16	0	0	0	0	0	216	0	0	46	0	0	0	0	2	0	0	0	0	0	0	0	0	0	0	0	0	0	64	0	0	0	0	1040	0	0	0	0	0	0	0	0	0	0	0	34	0	0	0	0	0	0	0	0	0	0	0	0	0	0	0	0	0	0	1	0	0	0	0	0	0	0	0	0	0	0	0	0	0	0	0	0	0	0	0	0	0	0	0	0	0	0	0	0	0	0	0	0	0	0	0	0	0	0	0	0	0	0	0	0	0	0	0	0	0	0	0	0	0	0	0	0	0	0	0	0	0	0	0	0	0	0	0	0	0	0	0	0	0	0	0	0	0	0	27	0	0	0	0	0	0	0	0	0	0
